0,1,2,3,4,5,6,7,8,9,10,11,12,13
0.01025931131986682,0.011592632622686335,0.10285117156140672,0.011333345444022532,0.0023757288424403893,0.005861426494986601,0.07248311862267763,0.0003186556474581503,0.006704448718037832,0.0805307542403508,0.060023927442761284,0.0884748792874884,0.017300156116890848,0.07957965831759051
0.005998152994460133,0.013802247174220678,0.10089812810286529,0.025248342672952232,0.0038702151983917147,0.0023295624303237114,0.023897990679069205,0.008617489157029295,0.006692693410976558,0.11756068598450777,0.06943367917690169,0.040558189962260814,0.038304869376612094,0.09250873763375911
-0.0005118293131190534,0.005465074480373092,0.1612700200425544,0.021962645646497622,0.001803913713416686,0.011383274385468947,-0.0063667696069435505,0.006412503300366604,0.007574756262057637,0.04078233423683451,0.06860828921032326,0.10411278115598532,0.029462940563987558,0.097731903205232
0.010646024461166137,0.0070830020912766405,0.07854961168028604,0.042872341062060185,0.002583129658824235,0.003310367846277757,0.06703081603593873,0.015064015314012408,0.014419783258990132,0.12119240632563372,0.05511586732758824,0.00829541314087679,0.030696717496296187,0.09279628077371876
0.0,0.0,0.23749125262968296,0.0,0.0,0.004232592416659465,-0.0032645812153819045,0.005372532625336751,0.03047286294081784,0.09374875918938722,0.0762807012545436,0.048471658097863315,0.0138444673903297,0.04174006493048066
0.004191086987153286,0.009207576644523026,0.09869212344685716,0.031460829527564106,0.007033213360676063,0.0009008454021361519,0.05407718838618804,0.005344436685357376,0.009193932423418342,0.11633920596628552,0.056854053562408996,0.07049451096198812,0.016382089749360024,0.06955072531544088
0.0057757201154077596,0.008021140554852226,0.1605236366089563,0.013732652975842027,0.0,0.002343281721432684,0.06901035084058156,0.00850860988252908,0.009461334842366456,0.06883978015009251,0.04416385619453864,0.07317997757596356,0.020830472631434786,0.06533648795267882
0.0,0.0002688885543524405,0.01878570613164676,0.021086171416887546,0.001078024204810538,0.004787079504400829,0.0836385283522283,-0.0007567017169321505,0.015775376521768917,0.12689793517709763,0.08095852677072153,0.05525011974922067,0.023950288200877388,0.11795764890585331
0.005011532690187699,0.0027114416354224046,0.008041332191242695,0.029735889672556765,0.0,0.005841564119628927,0.0936092892921603,0.013464584581584399,0.012809395013622918,0.10944165594131769,0.07124938712258866,0.04641724630428008,0.04220036214654428,0.1091412288527821
0.0024468831798825827,0.004482772333850594,0.03152841087767365,0.032820015665548145,0.0012535431885427372,0.015843377076136624,0.13494331332147935,0.00025432702653293405,0.005077242067082256,0.10966991385253802,0.0393652631804994,0.052438065144118993,0.027760560227427466,0.09180582556057615
0.0035980612812847156,0.007387030561194483,0.10778024741803378,0.012122907506485868,0.001931679201782797,0.01331576284848636,0.08860697473772824,0.013027164081676148,0.009331632743280895,0.06349787805252759,0.06273458998932743,0.07337009463742297,0.01982692915284773,0.07318466732422141
0.005019095925599904,0.008791390205097067,0.13194839682427956,0.01584161850447375,0.0015879357281715918,0.0022289537454404386,0.052467204535637024,0.004517745985422055,0.008545350418074762,0.09902685821489662,0.04767892981473355,0.07870888421298475,0.024696420196965954,0.06866827931632036
0.00242519545245611,0.0049902426947768305,0.27936140122790737,0.0140939625687275,0.005579516095987326,0.005867604628009713,0.023431752346348755,0.004997016142548892,0.014190407948552317,0.04185745372098793,0.026760109694265007,0.08585066159903838,0.006230367924789129,0.034081000375511095
0.005312895092961802,0.004811215232756965,0.15599014782814855,0.02352174263081035,0.0030178257756773535,0.0013218362215885232,0.08367937601596954,-0.00027925907756096407,0.01329015397130111,0.0886441595815748,0.046712564704689145,0.029304416444182958,0.025437231193300637,0.06896067185012938
0.006222447515582955,0.006667730356946688,0.16164967730407814,0.01755193260417009,0.005882295530891507,0.005995041360566374,0.0776942715717223,0.009192610838845471,0.008005436073880594,0.08453861566412099,0.040597353256140806,0.0619248654621532,0.010445516775194608,0.05335974615096184
0.002787592151441361,0.0,0.07308080655347703,0.022345927262981836,0.006707781497894786,0.0037932912761908795,-0.007989839859949749,0.0,0.013811770166948907,0.14964695097557149,0.0765804084746614,0.07498189307615596,0.04324203065119711,0.09056184283905677
0.0045602783346224375,0.004144802583794036,0.05513905878039511,0.02803017949545222,0.0006799762192331108,0.008303337250740374,0.10718258299957242,0.003908278774379021,0.01095452981994284,0.0933432089112719,0.05217501157079,0.06517487058515872,0.03070683144047642,0.08541618944451351
0.0060971963695145215,0.009640125057859696,0.16563290869600264,0.017547610531421808,0.004234299852825152,0.0034620282787049057,0.039382142963993026,0.00879532852240223,0.012104804487030203,0.050706620094053814,0.05943417301896512,0.087632822450283,0.012925008506102544,0.07212436540440736
0.004594641057748721,0.0011857161563118858,0.2329757892279609,0.0010125848009268595,0.010835139316155333,0.0011747340811755088,0.0002542506060600074,0.0011990238884295905,0.016383208726648973,0.08276691680796115,0.061346967485464345,0.061742325143751296,0.023585508498308264,0.05063723685798893
0.001995316520262506,0.007525958914671619,0.20305142306906368,0.024254442438142322,0.001582812528215508,0.006551521962426073,0.013886049568297396,0.007550946883929854,0.004690832093155675,0.09736548054953614,0.049434079521013655,0.04449826581025674,0.02367258142269864,0.06365996137047536
0.0023383412906060265,0.011894275877524443,0.06922020270388496,0.024377915572611993,0.006678154366300906,0.007338543070590195,0.1012487161070514,0.005662604258535956,0.014129215606664917,0.11034193373644041,0.044482426293253136,0.07840398660566333,0.018227192832429278,0.05537145556365086
0.006264684952259486,0.017278681268036156,0.06499386893969634,0.024896960112711263,0.0030062403464680663,0.0021309029078465354,0.06921202374044841,0.012781517942952198,0.009154033552748547,0.11375612982412131,0.054735388822283605,0.06781857740035135,0.028660449023706153,0.07503051184173959
0.001348640169716504,0.004460778735271745,0.08817021930659893,0.024171974463157504,0.004077010664267476,0.002266868461909634,0.0929399357722342,0.006557587759826218,0.012367763034599874,0.12328393180824997,0.04591873733303383,0.08701417923107692,0.012846192236968071,0.044283932746279286
0.012143060067628308,0.011634870305921372,0.08761350698325185,0.03149976925526726,0.007477991844458651,0.007935525793340427,0.1064757454708847,0.012279347798409296,0.00439270247626044,0.07265538695136524,0.05312004083905039,0.05828507388524445,0.017119580884745987,0.0670917192586093
0.0047552856984733865,0.003090047251927789,0.1093051023202158,0.020629996392264847,0.006884872420486056,0.005802839693613896,0.09292284549565823,0.012970270075038582,0.014287700545031685,0.09384399450996084,0.044161313190192786,0.05903628173837116,0.020596638161078106,0.06143916088004686
0.0014941998899277134,0.008770215141835529,0.2650286744569981,0.02807807528717039,0.0015240313538753343,0.0029271765753288775,0.04339117211803652,0.0,0.007849480439532508,0.08581315685268763,0.02612635902381582,0.03820955970569425,0.006612037543812195,0.03389273284512584
0.005942943717549003,0.005762060992442624,0.048865274941829656,0.01975846347298306,0.002197021295563624,0.0016411097083702385,0.06657589749700443,0.012714800158195084,0.008400077460019108,0.12031090901122737,0.0676933240295639,0.08289625145785971,0.032054666732573185,0.07489524927123298
0.0025584437419184903,0.002686415961009154,0.25045502493600474,0.012141421131730838,0.0009684272709089921,0.008107531983547214,0.05936117058296742,0.0013183070637831616,0.007054020823174885,0.09061768313356605,0.024630105354412964,0.04999574424385541,0.0053029468206289565,0.03452654232512642
0.005068117201166251,0.0013393341018034547,0.03779851348631424,-0.004917518854025289,0.0,-0.005111277444117938,0.07322752250726702,0.004169620293485983,0.015022567065496147,0.044849168618601706,0.09555441499542645,0.08619281281321461,0.050924536009387636,0.14519178190207022
0.0017039491606726043,0.001811779323524425,0.3088580449482267,0.014741971902238296,0.011540535848884365,0.023034285685610948,0.05802735017041076,0.020805884580983813,0.0002879290318163181,0.05000451680977986,0.0056976256433359535,0.019439997375194588,0.0023167320343079885,0.0311574246102726
0.005514895673693134,0.002700696934575642,0.14156481241183483,0.029761328613686824,0.0013521544777629689,0.005130582466304732,0.051650143367077225,0.004024398919450339,0.015361813042716891,0.12831962950665646,0.02715450121065856,0.08659591519415304,0.00914142735215906,0.04143724069180377
0.009502201101828528,0.0018046259712940693,0.15324903552806432,0.02677944231860248,0.0038020383828366146,0.003279316287330936,0.10540801862951346,0.012960280764655085,0.007852802422573808,0.10177518209079806,0.01579855160124004,0.060669777879172535,0.005921853485427359,0.04092095693252118
0.009904953368500169,0.011752009708045932,0.14222542215577846,0.01807903928832245,0.0,0.002561085480049052,0.1448833020151134,0.020558011796229073,0.006561468372934357,0.11034023857920075,0.0052593013317741915,0.047762332409180486,0.010757353256576757,0.018939256300352203
0.007246040191403636,0.01389505794495184,0.2497819671175887,0.016963996705407745,0.0042502588313985895,0.007662255622092951,0.0949979465293471,0.0,0.006239765852763416,0.06592762055624367,0.022887977968420962,0.02017067733670515,0.005621791201823549,0.03407753544481573
0.009963244357377603,0.010361326261886647,0.12769279927011631,0.029656355487080854,0.007502995497026795,0.005125546077623734,0.14296313223396515,0.018698513633724836,0.0031334403064809608,0.09471567989833701,0.013934786610391794,0.03923851817864237,0.00682010384709971,0.039896541691854304
0.008530001682967511,0.00362376440164489,0.10124943098559244,0.025914051387592507,0.004476337576741315,0.0037095952933912033,0.07772236504755364,0.016538146171763243,0.008542428520942247,0.10193798638798321,0.04430486269044249,0.0610691902465712,0.021630056620438935,0.07047729689370835
0.001781425428055702,0.0,0.12130652727915485,0.025914894858669116,0.011087902432602773,0.003522306512889098,0.08685370482109284,0.006350818984365207,0.012397844832504655,0.0933287849960656,0.04773352319436408,0.08315782116360779,0.01282504345119812,0.043465094766697576
0.0036671886009652928,0.0,0.28189803721827544,0.017317601019029266,0.0,0.0010626166539364822,0.0023198559826603797,0.0037237286556642537,0.00538796371564163,0.08106898184879159,0.05914329452143297,0.025603435376233847,0.004864597102624755,0.06351491006571502
0.0036618426817397885,0.0014541008363547039,0.12297385295087312,0.027000198355257975,0.0011717414176367904,0.005113697306535716,0.07352074864490411,0.005771856725595944,0.007124311265053935,0.08187797401127132,0.07184288658649705,0.043631131056415494,0.01943666402499353,0.08512674586006058
0.007216724378546416,0.00018025399170303342,0.07118578110483398,0.027495913948661507,0.0,0.0043046556292412495,0.10020609485652604,0.009994476455112658,0.011419959490250252,0.06443918549840638,0.06298629876016938,0.07144235149606737,0.02935089346541395,0.08949791804223978
0.0041552309425289665,0.01073450848291245,0.00701562535012772,0.02729777018401281,0.003816954884256353,0.010061668193002919,0.03143016719510742,0.007145497728524418,0.011618793012810142,0.12465671279762523,0.07546420689370296,0.07619546403062405,0.04264356515762631,0.11744846026815547
0.006812744327518224,0.010005933777655818,0.1457267989064361,0.030799794283603583,0.011288678465884319,0.009818743396072856,0.0712952630623483,0.01568904691603918,0.004912774278101843,0.07527074409319691,0.04946912287582189,0.04558107532866236,0.015356633401082675,0.05769828000419869
0.006714593502958104,0.005508951224605772,0.1254407367151071,0.020824218751593876,0.010505900588727088,0.002197242534183362,0.10734773944641382,0.009439710736895873,0.0011831744117523082,0.08534104011752709,0.060572308343486425,0.03343359926586291,0.015112188278311425,0.06608801673581866
0.01038987049380007,0.011712446996199074,0.10702121738545518,0.027069152779669904,0.0028802991646588397,0.0025005136237858144,0.07910006887053887,-0.006084079101769357,0.012742103209468652,0.052960658173163686,0.06420044842791281,0.07083499068748622,0.030962187926604445,0.0834257408993262
0.0016204058521908182,0.00942681559124018,0.23388863756829678,0.020470893640315298,0.002995834871680722,0.011706518882924935,0.07309260577673804,0.00024939312713633785,0.011363438918731253,0.08202355425263044,0.01062793914701863,0.06536266503763895,0.0026713661623017047,0.024220378683683097
0.0019492724065478194,0.003849729139868973,0.1156412003069243,0.020660767834638254,0.007133780178301082,-0.0002095948213955701,0.11926090225915414,0.0,0.00702450985615291,0.10683140067113803,0.04503773043134477,0.05992530546459299,0.011085269482029106,0.05153178362863936
0.0,0.006401618421932724,0.20383454687829627,0.014324822739489929,0.008775433687061676,0.014301876078164485,0.12332057131573008,0.0009478467845876614,0.0046224619334611665,0.045078615385458036,0.015171321336756131,0.06001018654280793,0.011711767985418607,0.041216994237571525
0.0018822432717616581,0.0,0.18474593581221063,0.015884786338666412,0.006710759726555935,0.0,0.008805246030490235,0.003560714013709494,0.010434561420753885,0.1086987234613606,0.04870132100963969,0.0637736013438252,0.0189852523375119,0.07753950811789828
-0.002031921853745172,0.009188255633424089,0.12137200231908903,0.024275726827718256,0.0006743365020441684,0.00100081463570829,0.07753230919548765,0.015511917130914507,0.007003988148558271,0.08593187228673352,0.050765642284802404,0.06167414857819351,0.029231357817949468,0.06759214377286121
0.006254840090680113,0.010472360613929393,0.2775578260380781,0.0199008006544096,0.007767165477952532,0.011372675091255129,0.04373028429392058,0.009513429784165549,0.009124033872169089,0.04122606059965907,0.025473694008630282,0.06527884742182812,0.002224565528312504,0.019818499619507435
0.004875052109049963,0.006929841512303109,0.10314733080674618,0.02157443171098816,0.009409105015802045,0.011068262928593054,0.06115392287974086,0.0027834600718369116,0.007064696358829965,0.09699693172451915,0.04827562057350611,0.07387614912096946,0.017805122560105437,0.08473483053763864
0.0018214979103146082,0.0,0.16144312774783284,0.006381281464949398,0.0051961264152497084,0.0,0.06156003003753296,0.01113456717765221,0.00914578836422411,0.09209720937132268,0.043225908133007473,0.07867798501158935,0.02329015821887757,0.055753264566254845
0.0,0.0,0.09395649069200156,0.011301657976116083,0.0024029123800265485,0.0,0.0,0.0,0.030095526456773165,0.16936340033672287,0.05431357620442048,0.07401143521492112,0.0494839546049688,0.06386791967578198
0.004027111232389021,0.011564305590283423,0.23135908433223787,0.012867833996956294,0.001062307536214268,0.0022034510448598037,0.09182124965236743,0.0035070456453363116,0.0058431144994610254,0.054234723375035494,0.041017263655809995,0.05953894886663212,0.007785140093824594,0.022892086641937426
0.007219320227694623,0.012616716878007488,0.03627639818187778,0.014191085464418007,0.00028102310686847857,0.004283674564250438,0.0940394392252144,0.011017497455976988,0.012535973376780687,0.10458269162200534,0.05913952339533603,0.07162117819103296,0.03272696232819004,0.08918753298339932
0.007467824696827564,0.0007142689460473249,0.16483918968165956,0.030993702180792473,0.005068335372860211,0.003025138004602631,0.08648464262585341,0.009087398645573341,0.007653942104133492,0.069005162907173,0.028674699700914102,0.07847291997709774,0.0026913219680453054,0.05554029137553812
0.006141735808846458,0.0023472044342787283,0.04911675529409634,0.024342282463844407,0.010425443868022768,0.002341727794680787,0.1651627403024991,0.004902112366680738,0.006458282555584901,0.022083346134327074,0.07066653286631047,0.045755362404984914,0.03276795762607017,0.10695176955009461
0.00931108328616486,0.013133547919363683,0.1733597952614861,0.02923487764793601,0.011353856509556086,0.0021724304648872914,0.1195470846507546,0.014115716884738146,0.0,0.05248554137275754,0.029360945922726114,0.03282185525398977,0.005736557377264046,0.057046385383876685
0.0033589854180611917,0.0056197883532318055,0.11036919580073912,0.013711906079473713,0.003944853374371296,0.003726343947451139,0.11755295179024772,0.007294403649807742,0.008058229963238262,0.11782236526423365,0.026608757853006166,0.05302255743622125,0.01815119172403066,0.06047319481251512
0.010577702490320163,0.0,0.16238882532446935,0.01574849253294332,0.0034318624538872138,0.009589220950017761,0.09801135995428809,0.009363537806806108,0.002979744182189525,0.07609630268480568,0.02555780763533796,0.07076295135877779,0.011878073859587994,0.05333176486079183
0.005724349837581022,0.004035913288973745,0.21801403849503828,0.015658608627531434,0.010098538140578622,0.0008274569579485162,0.11323003815479857,0.0,0.006163995369888865,0.07210229095221957,0.026005231982987282,0.0499352316240578,0.00228927186986857,0.02563637628072657
0.012723490061066555,0.004940164524112325,0.054393866128451214,0.0012923993653631766,0.002891991647586152,0.003365795816738597,0.084146087825006,0.010170509225552375,0.011888082468998029,0.10738043449237998,0.06091878883490008,0.08051968695915236,0.029921534495052297,0.08516314531980995
0.0046237446149183115,0.002503375530006099,0.24003144027177575,0.021576990772657876,0.001575282515754303,0.014474707938763418,0.11166635487250465,0.008413232903903813,0.004657801441679191,0.04939567012628389,0.015119603925305172,0.055417048027617356,0.0007283871426749833,0.019540085684145114
0.003954248560693084,0.0029525946027667217,0.12222008690657973,0.02647738197471316,0.009826128111677355,0.007028342780249095,0.07127038200293832,0.0036721610437030145,0.0042976031867824,0.07396890346451393,0.0616237885102159,0.0699884079228733,0.022430989754566245,0.0700085942252281
0.00859736060502892,0.01105987125435484,0.09311134991966476,0.03772011485913146,0.003337240207607025,0.004273946751377249,0.07419080477923755,0.01994211293577879,0.0036528386593063385,0.09984952184605791,0.06005271293175385,0.049402665711081484,0.01987047977064644,0.06464446651566202
0.0034288175189010894,0.004718225860079905,0.2217284114290177,0.013025174697208125,0.010529953856155403,0.005523793780768469,0.07426290566945026,0.0,0.012368538827983144,0.08963573255969871,0.013008659639641245,0.07074906517070478,0.004712513634951798,0.026031098658402363
0.011075245794653018,0.00017897880168319782,0.1077510016315325,0.017030626376622355,0.006256236763490895,0.007831029924151847,0.11791761253468798,0.011609176480320128,0.011232847642833312,0.11171319112201117,0.027340292579388664,0.07216821067750823,0.008167900170490846,0.03944648768774417
0.003591354449360414,0.002623031896708262,0.13109160403983625,0.02308402896877514,0.0019463441363451349,0.0038465778661422303,0.08632285376730142,0.0019554888284733095,0.011652067211485484,0.10562711568788181,0.03861465736909139,0.06249463128827224,0.01019881903536097,0.06667646252514087
0.007571126090387582,0.0076935105326476115,0.3408988883949649,0.02472983290093941,0.004121487986715832,0.0021344911445679076,0.09530150167270912,0.002278689070309687,-0.0029413516432099155,0.017488854630674535,0.0037409395117096633,0.03778206052565858,0.0024101336430229436,0.006360138951240213
0.0010305570028285329,0.008896827512792065,0.3283251192715941,0.02129720106956203,0.004498422190845043,0.004828696166610578,0.08703068314823169,0.007821621458279103,0.006045750758577018,0.026513128822255455,0.00875169813339295,0.025818063433194,0.0011068262261932202,0.017741606808070243
0.009066900423550866,0.004478992556506002,0.17408863361118784,0.011961479383228966,0.0,0.0,0.07390889129728387,0.005285268760475146,0.018068536702471428,0.06016881931056023,0.04100154739570174,0.09118657735833846,0.007882692868602959,0.05258425889518742
0.009462632234459431,0.006966356196384383,0.13451405527084073,0.02353998369880103,0.007199442619708676,0.008473635450752684,0.028820553419479495,0.017623653016196464,0.013328227021746186,0.13070575226552855,0.04916237754911759,0.06930701039263043,0.010406824655570418,0.04015135235549694
0.0021055273129939925,0.0019584007358234377,0.1453168277194468,0.016024117721223387,0.005557748885718089,0.005349861205932811,0.061199064213673535,0.007422288204798949,0.006872447687479593,0.10191971757632423,0.04765531131954811,0.0822582603308185,0.006757257822888059,0.05932933882175623
0.003485492735239117,0.0,0.3097596428169143,0.007766918527095891,0.0,0.004041289314083444,0.0010135393109438704,-0.002130695568041764,0.008066469301269275,0.038655060580051415,0.04677639959702066,0.07012247979626397,0.00773278280155613,0.05439774930370145
0.000984627501898041,0.00821942100974705,0.09698961719275402,0.007114015547927224,0.0,0.004811825438431049,0.09914501017052586,0.005455336291308982,0.009729261932523355,0.06239692786324578,0.07711571031996811,0.05644684708024304,0.019018395672978687,0.10214920825061957
-0.004110233553267679,-0.0003815683280845043,0.26913045404507135,0.00881972840291153,-0.004422500376012785,0.0016452749609961804,0.13353823754369476,0.015159561949081314,0.014429726301847927,-0.011331713769677457,-0.026362177075042566,0.03294976109193355,0.0,-0.03214579616673374
0.0035125346983977384,0.012934481134953763,0.01725378680673992,0.01719232771613729,0.0041021085881933015,0.0,0.0825737733562105,-0.002097306573385323,0.0024613675683444404,0.08691025745211232,0.10202408233159399,0.0009722034116969919,0.0462300951392607,0.1705728969845665
0.0,0.005814717809373038,0.10549586279418019,0.014351851363176394,0.0021336350932597867,0.0,0.1335540780802529,0.0,0.0015400961021263132,0.07277634248500554,0.051929983113765565,0.07111458452584864,0.02553943465388989,0.06540733621927958
0.009563249580079881,0.006414230222519535,0.02531340824796863,0.016542378115756057,0.006668634233346411,0.010593839213757103,0.10758431005404041,0.012161085373329007,0.013093030443488012,0.09201867832120468,0.05685899817577126,0.07257077823568132,0.0311583024732846,0.08917290870673028
0.003514399747774479,0.002657149521266661,0.04170917533733382,0.017081984929595125,0.00636395577194048,0.0013154473578772508,0.1233684533996453,0.0009306187070375173,0.010361433351523099,0.07863612851731533,0.058288506802712976,0.07251318203186968,0.03475129020486593,0.09821942350718466
0.0,0.0029611140042646424,0.24188401810487914,0.004834375138602889,0.0,0.001387369566000641,-0.006337828271066615,0.0005896409418891279,0.01860067840490347,0.018827671344913557,0.07819635795516174,0.12082105395568402,0.011019637668503878,0.056611036547606686
0.0010454504311847856,0.0,0.08392638191195198,0.014205131674669814,0.009099654101378064,0.006283225470191721,0.12587131623457665,0.009145705915887054,0.002486374636278757,0.09222974124110718,0.051462171016115554,0.06500127036503167,0.01895840431307298,0.0700052029685676
0.0065051100747317995,0.015235462405505511,0.1331641574646462,0.026140306670628978,0.005006293310300537,0.01149275366258328,0.1892536597985366,0.009732795140834876,0.0,0.07948437134197232,0.016604045039015334,0.02753114867930774,0.004172002656998376,0.025316444485544376
0.002630827068393213,0.0030363204824053144,0.21707046336786065,0.015331102787156665,0.002110002313541483,0.0022331741941855484,0.022643900640649615,0.0,0.011355110475667049,0.08318170635768178,0.04975932946885901,0.04808634028829112,0.022626968981584315,0.06965704883023943
0.007297942531306567,0.010218087226409118,0.10859730704890652,0.033835930477262445,0.0014386535988847656,0.0008132710468804806,0.10005343183137123,0.009275460382239321,0.005587246872191861,0.1047441040381762,0.05667575027402034,0.028282917926604194,0.023186572703816872,0.05971418878697082
0.0054604155167658356,0.009410248309378689,0.21370242259884847,0.024952466316486507,0.002599492534354938,0.01116158823927373,0.10886732715242167,0.005280373378812726,0.0066786004703898,0.05672026237153519,0.023383544427184728,0.055619928995503505,0.0027038842391243394,0.02318293279933059
0.0055567931308309415,0.013468369817639065,0.1012456749357344,0.02868149697553093,0.0027751168484687287,0.0072465900979616265,0.1346251642722727,0.011876786391479646,0.006787620008431176,0.06697842584691521,0.03734613573726383,0.054794588482278105,0.01790650346518287,0.06037861020584617
0.01424183264715163,0.011203841050523218,0.18192948819035265,0.005640342690118001,0.017844094180961924,0.02121173370471129,0.172089322965397,0.016002900554183443,0.0,0.053132615266979044,0.007036005184807463,0.02909602971994998,0.0,0.020172734044616836
0.008943535924592837,0.005464060802358683,0.14564860326252593,0.021523334588035497,0.007514694551031284,0.007794307591302625,0.1107523871362055,0.011747606614453938,0.012979386882970307,0.09230355125855376,0.03959358279274374,0.029987132432264783,0.017061599118868183,0.038409823602793214
2.946521966535858e-05,0.006675082855386831,0.1077899563423544,0.02084226963596932,0.00955528331425739,0.00448786284170609,0.024064345846197287,0.0012912660710290666,0.014098718282766856,0.11579065479270699,0.05052982562613919,0.11413558712509343,0.015858450373049837,0.06454271132884437
0.005982940562688183,0.008441311227560125,0.11462266523851161,0.029858185505703974,0.004354608166699129,0.010839079508211448,0.08925609906119374,0.00212516318535737,0.005949375080430492,0.09798642914258195,0.043945917432324906,0.0664873101420401,0.011674790861337532,0.058198896979032966
0.0,0.007266416807329813,0.10537087815001882,0.002380247221412323,0.0,0.0003841027754505244,0.04289685588892178,0.002750402900972653,0.014410148501721605,0.11823003892592898,0.05312848734430582,0.12790221487709327,0.008799375056432085,0.06605715503187276
0.00831666182030062,0.0004159515353274337,0.18205133555093403,0.011700168081008065,0.011864585757500197,0.004472413622448475,0.08313384959875017,-0.00018450427553877373,0.011670973343861158,0.08049444465518968,0.046853244845351576,0.05393128955739286,0.011308318686024258,0.04369153592004327
0.0023280421231419617,0.0,0.12990992223668174,0.012102618852730104,0.010050079106591626,0.0,-0.004469360870998578,0.00462102900101804,0.019585497238691657,0.1609081696578863,0.056780645462485305,0.10315449849767469,0.009105397827043595,0.045276564953830145
0.003353110236728044,0.00875990057036202,0.07463019446422763,0.016665581649144275,0.007659280864532465,0.0025817093515385432,0.09377758438424515,0.007303696389524863,0.008223892691505927,0.10082819425744884,0.05296538453980924,0.0779985654472175,0.023573390856994468,0.07140467057618555
0.003014262464764486,0.0024880513575713265,0.11590765740172075,0.023726795044188426,0.0,0.0,-0.00561136132001225,0.0,0.013967109238252558,0.07701732845227302,0.07471196760403793,0.0659658169042661,0.034003245456503454,0.14345985034917746
0.0053246162291455176,0.0009454029148540844,0.08794966798980589,0.014036039189636787,0.010295684231671187,0.007592593084197932,0.039581705636310464,0.005183001566907694,0.009920821299938312,0.1061417654155238,0.06059983879856186,0.09166742543931514,0.02715952980472881,0.0833255745627477
0.005683044542618569,0.009986226717112428,0.0908115459488512,0.00848309852977413,0.01490192722129441,0.01101619553999853,0.13402168639898887,0.012872988617442682,0.004170513314732308,0.02809284233515309,0.05646419618193397,0.0865822152337273,0.017517726438109994,0.0690981802854228
0.00947035271325676,0.006567405035498169,0.1517225882406172,0.03449968668717188,0.005083474533597096,-0.003262515295024857,0.06869557346098602,0.013456084106858241,0.0078110731715700776,0.10444775243656414,0.03594434718888487,0.04086974458644273,0.011099042625949759,0.06331267897398213
0.008793269305071568,0.004145947076481052,0.18599844586634917,0.020616431098487813,0.01149615644942526,0.014402779275885211,0.0805856441701008,0.003105641933140992,0.00032682389117183436,0.07134367371237965,0.04145044110760436,0.048900305332387706,0.008883701645598409,0.04967243834598367
-0.005652580455717213,-0.010982046279441604,-0.026120735769061224,-0.0162764441851101,-0.009272620265005324,-0.005441310097489485,-0.05490605640954555,-0.016886480595131884,-0.007589131693852508,-0.07320316447701512,-0.04407385114155668,-0.09260634730955182,-0.02088141008369173,-0.06602161322778655
-0.006806121778780662,-0.006524563045895017,-0.08550544609600699,-0.018948163551543416,-0.0059876570318435594,-0.004973480869012323,-0.0496850402349546,-0.007372675416660351,-0.003359847227983933,-0.09236861352530365,-0.03885161725205592,-0.06305722912113607,-0.019336517011974214,-0.04748715823730487
-0.0030019209710798194,-0.005025147697110674,-0.04939156676325993,-0.0321075307641478,-0.00322820992957428,-0.004648074186314054,-0.056884721977599625,-0.011109242176227996,-0.006771484473982518,-0.07188680316462745,-0.05289327581802244,-0.06178594777614623,-0.02114665727343891,-0.07027961589321918
-0.006265858859885376,-0.003450183073460546,-0.08657739783827711,-0.01836932997447248,0.0,-0.003897119540062955,-0.05611332503076663,-0.006792566681870039,-0.012014114691246497,-0.12629923731144682,-0.03416275448169685,-0.03578852806480225,-0.01656475390572447,-0.04395681266957885
-0.006762552437788565,-0.00230212556489306,-0.05631995851746777,-0.027140039467420832,-0.005576556984858672,-0.005172338121442672,-0.0754699413135388,-0.005546318461364117,-0.0033216642199961253,-0.09169908454519198,-0.04251992611999053,-0.027379512326262043,-0.02092397428101707,-0.07958569719032499
-0.004206766986600439,-0.007220407425826418,-0.07988474052908076,-0.018932402953812072,-0.004041274613182496,-0.005624378224871804,-0.0727759664164737,-0.005017420273052088,-0.008114189435445625,-0.0692459107365052,-0.03927941589277878,-0.051668901265570694,-0.020884097064751594,-0.06332927826168039
-0.007337356265177995,-0.00437009683923682,-0.050893808197151745,-0.022860711589321205,-0.00011498504542799825,-0.005425676977000055,-0.06866164591866053,-0.0016288701742659826,-0.007454112117637351,-0.12138668277330808,-0.04339296143234941,-0.03664093950509065,-0.018863354035733665,-0.061209939432162075
-0.007462020602153252,-0.005557623899294175,-0.14515822298395198,-0.02564794171487751,-0.0032834666536713793,-0.007186049519690633,-0.05071451456208409,-0.006338633945509876,-0.0069784935729692524,-0.05058899700887638,-0.022750896231673395,-0.034070478350047693,-0.017170569342145763,-0.06727798649709826
-0.0018331790718736606,-0.00670270643866855,-0.0695936541269827,-0.012211441064014021,-0.007322423509777137,-0.005381955756792807,-0.06597483043994197,-0.006148237374798671,-0.008406005996003782,-0.08486468719701754,-0.03796243902722098,-0.06299079072052768,-0.02129313023532661,-0.059561013080501546
-0.011022567774637091,-0.005675832587232114,-0.053900529561340275,0.0,-0.004139794048260846,-0.003799659349340675,-0.07564020398884701,-0.006248887895529839,-0.003630534530497983,-0.11913810049670093,-0.03924258475196337,-0.043852586633747026,-0.02091137221532766,-0.06290689699578622
-0.004835623513010243,-0.006095758781114777,-0.11831058494395787,-0.02420863728400788,-0.005910422620141344,-0.005227079293984675,-0.0328725372005391,-0.010219414460521124,-0.008284272407869908,-0.0636576308952312,-0.03838721989092891,-0.06072894540264945,-0.022297495236619613,-0.04920850857952408
-0.005968168619298278,-0.008522728118268324,-0.10464873893136649,-0.030947283514345884,-0.005175949906768973,-0.0031144073624386373,-0.05673520190030158,-0.003040669138155528,-0.009055500073373251,-0.07221323842870717,-0.0401159853778315,-0.053369883977162164,-0.01178351849776549,-0.04555830345891981
-0.006210112642850698,-0.007052357215635482,-0.09346584727749821,-0.022378841463541473,-0.0011837530417705866,-0.0009521331969011646,-0.03935324284869291,-0.014653678534589659,-0.005297470099780506,-0.10409024165469309,-0.03616373997810229,-0.053295221403641325,-0.019098956366306694,-0.04705662898698959
-0.0004477114319487523,-0.002069435937617259,-0.1491667939342382,-0.027485591907445903,-0.005314824461017348,-0.006908541439822216,-0.03825211404635666,-0.0035646084669378347,-0.011708975914510568,-0.08621138616661593,-0.02583707956747657,-0.035241425507599726,-0.01568903022279619,-0.04235731246576396
-0.0037705906966639963,-0.004700445348719779,-0.026683444207965312,-0.026206830670363782,-0.00342226326275069,-0.0028616657478762303,-0.07091200301834609,-0.011366587877214056,-0.012871820258509645,-0.13291764681929913,-0.03488984827735836,-0.05023752124186043,-0.016284004808898054,-0.05295223745427119
-0.010002104609900043,-0.0037267843001394527,0.024545255700012224,-0.015265645374626482,-0.00427600538296749,-0.0031253180376235373,-0.10624533711505933,-0.011846894460726929,-0.0029241036145519644,-0.13012613098931688,-0.05197495097177268,-0.04532032909595274,-0.022799525463277237,-0.06479338693600889
-0.0010227297823700153,-0.008226075987995105,-0.1126313178790481,-0.03010905949790926,-0.008098879240803155,-0.003947572268908719,-0.05245121817218048,-0.008285238099553557,-0.01000762931256135,-0.08006512230286289,-0.030669984620684255,-0.05272051089004307,-0.01298838700800073,-0.03904134267368842
-0.002630283146621004,-0.00660635023943821,-0.045847175115599596,-0.02396386749503118,-0.003247306805059356,-0.00544969549710814,-0.07142894405852847,-0.010268258920751016,-0.006180570916833044,-0.08013669891091771,-0.04287736456066452,-0.07230712513884373,-0.02176789552787809,-0.057507932063834255
-0.0011892190371885136,-0.006237165280716913,-0.12207150155568455,-0.028115044127853307,-0.008156922000485442,-0.004968390469245574,-0.02653830544340417,-0.006247523723037797,-0.0031298685361314496,-0.09795034601364862,-0.03255185483319082,-0.056513880787218605,-0.013751724168103463,-0.04282994907629306
-0.004682161899293909,-0.008078044369630133,-0.051389036376887874,-0.008028983109067439,-0.002059096709089035,-0.006337170046122959,-0.07279855685562914,-0.01032396568869949,-0.008353496287069488,-0.10836532566273964,-0.04136340045860083,-0.039313096438257394,-0.019055865657650335,-0.07006877769236486
-0.007140210838468532,-0.0024472467908895684,-0.07936088753626239,-0.009620757227179045,-0.007623668136794219,-0.006442208212813103,-0.0633521324697635,-0.008684423522550059,-0.006136125652348919,-0.10255612387401414,-0.0384234583402213,-0.041136238881615626,-0.02055297970854594,-0.05677907204570226
-0.008268203565873829,-0.009742731114957891,-0.03856745269296216,-0.03627917033801484,-0.007403495119620493,-0.003563576675334162,-0.05212946175289009,-0.011740744338244204,0.0005692997034582144,-0.0983701499403158,-0.042631118738686184,-0.052648837483098676,-0.019416192344621455,-0.06975835469364527
-0.0038558060951862667,-0.007783618017797527,-0.025993629842554492,-0.018947926439315366,-0.004404095360124585,-0.005393624755962791,-0.07791015334306317,-0.009680464050298392,-0.01153179321058437,-0.12045834134226875,-0.04323557945627285,-0.03611806524716256,-0.021007249038084975,-0.06379955440375473
-0.007578013123493699,0.0,-0.13273906199447066,-0.022149051117034198,-0.004078904363401403,-0.007261278483677384,-0.04404130713602062,-0.007032614115167715,-0.009905416372408599,-0.07666357767911303,-0.03030871371692859,-0.06518560439375888,-0.011069864079598575,-0.032246979510273555
-0.004013514412199895,-0.006540011234158338,-0.1055188463948624,-0.014920621564634673,-0.007193100494730683,-0.004043904652610382,-0.05440244648077052,-0.00953408679598852,-0.012834422300715012,-0.059265948824727535,-0.03035343423430145,-0.0776988486270634,-0.013080425065702266,-0.050847516492801836
-0.004352544970175629,-0.00735840741616861,-0.12468283665014719,-0.012939645574084281,-0.006420775339314038,-0.00568632423894478,-0.045204848659269936,-0.011198816039657172,-0.00798952078952819,-0.07859219285419328,-0.02201464745362984,-0.059444665679088626,-0.013053195780704518,-0.05127223102360717
-0.00774835068177722,-0.007097621061147989,-0.08648953378227532,-0.01825169587436601,-0.005111143496859295,-0.0060638334490579916,-0.05992415486296946,-0.008651506962660104,-0.01194990810076977,-0.06334910538260982,-0.03283625425612635,-0.06320345979707964,-0.020874189606529477,-0.0586851876235025
-0.0057446553846326135,-0.0046059628569628756,-0.09050645785958451,-0.016120462965222244,-0.003440594983147463,-0.005144636754336669,-0.051592516423907456,-0.012194537437386313,-0.005756243770207123,-0.06311732633222732,-0.04857943206157381,-0.054816872206853676,-0.027656022328291334,-0.0609794426989313
-0.0036990673380615517,-0.007989528176575392,-0.02292167739099697,-0.016179542965375507,0.0,-0.004006567958862747,-0.0830322956788298,-0.009032623866742466,-0.006771406136338673,-0.10540146972083501,-0.04709988003030316,-0.06167849365595928,-0.021033543032092317,-0.06130107885506114
-0.0016669351759396162,-0.006842598327681891,-0.10256678039267553,-0.02818538411119464,-0.0033977075475864612,-0.004058576662088938,-0.04523970521975297,-0.006404914017388826,-0.009911001978673773,-0.055759731649585594,-0.038946787506923194,-0.0693293201531648,-0.018800147351699277,-0.05913740315763888
-0.006630704666430286,-0.006577236865365089,-0.10665930278330844,-0.02386868152381384,-0.00685372734692867,-0.0015290264185730223,-0.05059728296691133,-0.004992750311631363,-0.010996282392791448,-0.08264625365669864,-0.03638312617680637,-0.0475551675305303,-0.018598957770570836,-0.04636856942993095
-0.0014529029513882575,-0.006758353142414955,-0.1225962232291023,-0.007235760477137227,-0.004404986143032184,-0.002974969770248526,-0.056922399384390664,-0.0034984151956114627,-0.011096085709666206,-0.09347741613857126,-0.02901181935791408,-0.041073173850236115,-0.013773113212382235,-0.05598142034446135
-0.003992412517509968,-0.006603085541186983,-0.09671971637627885,-0.026077434177006954,-0.0038542648101018875,-0.0067965346123922445,-0.05564549538129529,-0.0065643720387765754,-0.009784543200140985,-0.08368955202583199,-0.031395119400269,-0.052670831114227906,-0.020384146029348273,-0.04608174145600097
-0.0048877284560488185,-0.003982840999940306,-0.13995003995396668,-0.03152639587468452,-0.009207719603203973,-0.005522012031722578,-0.04364647111493589,-0.00802245507514592,-0.003747302716058207,-0.03414308959714377,-0.04049940404863408,-0.05004983574131735,-0.020316566891642053,-0.05472351257308544
-0.0065212669337878304,-0.002218210216377571,-0.0008620600563539161,-0.026538374451894584,-0.004661343247636247,-0.005654814349178156,-0.07284437068717518,-0.01166210649646338,-0.007425394804406672,-0.1455535023949116,-0.03651044354396341,-0.05799565609718475,-0.019755826184718613,-0.05189038873908641
-0.0028448659966272363,-0.004884402429936598,-0.07139685934537934,-0.009420007357531176,-0.005883775189043862,-0.006020665237792034,-0.06935688148760265,-0.010017537681049923,-0.01639987067865111,-0.07724612639923928,-0.043062621844940335,-0.053872414466583585,-0.01978338355781986,-0.059644712278070944
-0.008159691778043956,-0.0053784272570124156,-0.028263568254768806,-0.019991994016747568,-0.002701816386964783,-0.0032147120319966065,-0.06645999595702647,-0.010568596012281314,-0.005553089885550296,-0.0993381845057168,-0.051764433697323774,-0.058603477348978465,-0.024662645094490204,-0.06549666447663577
-0.0038995450744716497,-0.006386748040934066,-0.029274100416522876,-0.024931886687595117,-0.0005583479324059875,-0.006962702785125457,-0.07912001393070743,-0.005571779376631023,-0.012627262854350712,-0.1167119647891537,-0.03666001771280019,-0.06149700928301436,-0.016242264133009426,-0.049766729520235975
-0.0011179784628572455,-0.004616176753204372,-0.04476513323969211,-0.025218084912840832,-0.006661560981311923,-0.007067888877271446,-0.06194106272786466,-0.009477664569125455,-0.00835761166891495,-0.09378190257715625,-0.04094708465766343,-0.058388229899560155,-0.027042429644069582,-0.060808855521344574
-0.002881006840679436,-0.005349855363761673,-0.0776763730368578,-0.017486942766126043,-0.0025340096446168237,-0.007859940992115708,-0.0470245335739877,-0.0075911963834512635,-0.007116754216012151,-0.10420476186963497,-0.041946607107180456,-0.05837510742539884,-0.021256312971092328,-0.04895808966445664
-0.004946971467072409,-0.005574054036124778,-0.14002628947545062,-0.018810595932218333,-0.010537173080118967,-0.0001150734929213577,-0.044673150333404146,-0.006774469295214615,-0.008789874667152798,-0.06499426756956961,-0.035216494755263145,-0.05835884087291791,-0.010535820931045612,-0.040901801245591674
-0.002449706363159164,-0.006006269641408908,-0.06739858970661938,-0.021505743252000598,-0.0045086144819492455,-0.0015371734491735202,-0.061815377006692526,-0.012443134883237134,-0.006103073715062476,-0.08497794576529087,-0.04219509442391996,-0.05245103396129115,-0.021579049269153477,-0.06527907125524285
-0.006641836665663991,-0.005067814657243464,-0.040704308970419364,-0.02288523746606139,-0.007763081742459699,-0.005394760652287734,-0.06966715650048946,-0.020339618002610832,-0.0024525454753917797,-0.05936774800105136,-0.04495594743382141,-0.06726633800934392,-0.024318162569732488,-0.07325360665259589
-0.007998852249738878,-0.007198960309939505,-0.08470132540850976,-0.01384347230552236,-0.0022460194346677815,-0.0021877216708740942,-0.06102482319478716,-0.006450375227448283,-0.004676389603603343,-0.08517851786536736,-0.03308802724478481,-0.05873699568001354,-0.025696264069445092,-0.057232990514547166
-0.0062854926728000155,-0.00742633814758981,-0.056959700797928565,-0.012045400242953615,-0.008615545142299653,-0.009054681961663497,-0.06975238400370694,-0.009317572434855962,-0.006768754482302856,-0.05739752830714127,-0.04798860695719933,-0.06832759691275105,-0.01741542651263834,-0.0728266320501273
-0.005013127766932004,-0.003018093396455484,-0.10283635354816748,-0.015602600756709974,-0.009524559334389409,-0.0006501334242930943,-0.04856351276853279,-0.0067956166399688114,-0.0032024585954003914,-0.09665773766132876,-0.032841964009169035,-0.06182682363341243,-0.01710038713366443,-0.04663245766748403
-0.004250410174905964,-0.003600917006435543,-0.07462323793052543,-0.026838726676974435,-0.002401554432140593,-0.003697257310656614,-0.06657164832138475,-0.009637059623449606,-0.008846855146762084,-0.08217469819978364,-0.03960073690181605,-0.05450161168272387,-0.01963469016966786,-0.05382426821749853
-0.0004667402050311921,-0.004631849247138949,-0.06365949488496692,-0.020714508912539887,-0.006129135235991993,-0.0037038563920360236,-0.05467835709678475,-0.007622442608498975,-0.01151885697877869,-0.1280473257897995,-0.0319235403815179,-0.06619935134468745,-0.016790991727090213,-0.034158998179698086
-0.010886485141583122,-0.005643431315249784,0.03556851970841853,-0.00968662246614931,-0.0050799671061845485,-0.0008838290229628675,-0.10218250097483088,-0.008414562858614931,-0.00569227166155954,-0.1512828846006659,-0.0473856719258946,-0.051484862509550824,-0.0159757135538681,-0.0665175669061373
-0.006461674057878503,-0.01121623966600333,-0.07372632608741245,-0.018217407625389884,-0.005940935838017588,-0.007833212742724537,-0.054188692721953896,-0.008450260538093616,-0.006939948705639753,-0.06384701047704464,-0.042459589444463056,-0.08071965558459775,-0.016523088064598884,-0.05369535789631619
-0.007085784347686397,-0.005248443111672049,-0.08847838183006584,-0.0324162577923735,-0.0016931477121478714,-0.004082059818781975,-0.05638950946700377,-0.004953157383796208,-0.00952502718187445,-0.04751004761847041,-0.03976564959289267,-0.07385948781404007,-0.019710402598800747,-0.05950103586785216
-0.0022461779999747382,-0.0062426117563107114,0.01766601904901391,-0.032326038967940715,-0.00706828699100169,-0.004600340748924956,-0.07902346048993146,-0.010144593231826619,-0.0169150204859074,-0.1506014531731327,-0.03508112393607381,-0.08282570276593951,-0.010180596282021264,-0.029671591177482803
-0.004960197058124613,-0.005436918981989659,-0.07902653967141049,-0.021529573556918376,-0.00288377793048595,-0.0055384925859867165,-0.06699413784721626,-0.006531897711321817,-0.007445593520831805,-0.09408046953574084,-0.03576126064263984,-0.043784768922626394,-0.016784478396809622,-0.05947248774908759
-0.0019586270922865847,-0.0052474235106456345,-0.09637715720713087,-0.02100630063108796,-0.008777504588733382,-0.003053231225711143,-0.04142821885747722,-0.011143740264293286,-0.006068735398650783,-0.08339310549614948,-0.038885709416974425,-0.0632971717344808,-0.01615717944410109,-0.05345225161610817
-0.00350546482813738,-0.008581836268640584,0.0071113401847861645,-0.01801143213638762,-0.004125883277920612,-0.008002072787930995,-0.07742488314845423,-0.013351484985826757,-0.004879694248122981,-0.08979416783624963,-0.0558390561326848,-0.0817219231166573,-0.025361367200249643,-0.06644262128267436
-0.001265449207671035,-0.005285873359045179,-0.04776158883956593,-0.025569540431863286,-0.009920117024710923,-0.010102153708105233,-0.06667505489237457,-0.007259464955220435,-0.008243910627854038,-0.11479743796520576,-0.042959695840364756,-0.04954090939506145,-0.013101566453916398,-0.0477359219481851
5.2187197832489154e-05,-0.010054809360677102,-0.10981713545714665,-0.022927375451662735,-0.004252685632778278,-0.005036300090751225,-0.053287495722743536,-0.007860197856741226,-0.013119878473717865,-0.08931067282313691,-0.03762992484235507,-0.04109820385670337,-0.012726247715697641,-0.04318862746982621
-0.003216290713200808,-0.007354206572709064,-0.0379140030723027,-0.011279300846205494,-0.004109500503150295,-0.005357538486771964,-0.07445144149243307,-0.007799850436054395,-0.006528641589383715,-0.1018356018041178,-0.04421778723678612,-0.055262743306911055,-0.021036954765658134,-0.06985163329421784
-0.004677186135340485,-0.006347453652407916,-0.047651954648276484,-0.024774173892133534,-0.00410464376925922,-0.0027272088627858576,-0.05886488865002755,-0.009432517923884607,-0.004409447630799775,-0.09475241754489089,-0.04229788545550148,-0.07426067416513693,-0.017622118125100564,-0.058320244386795284
-0.00041007130615482087,-0.004765266356632342,-0.04023592166034571,-0.00931529383373792,-0.0024774078797497236,-0.00604315223990666,-0.08846443076492853,-0.010873387971108447,-0.012728377981220115,-0.07140150681752336,-0.04907402633289671,-0.06671459862019634,-0.02097630043688428,-0.06627097936770443
-0.0030121254983260684,-0.007477247618186897,-0.09024226869893905,-0.028734020833236895,-0.0020429539115798894,-0.0026109675247474426,-0.05863959367188536,-0.00577515885315353,-0.008398483181160862,-0.07795364150101186,-0.0386041900200381,-0.04542941938270704,-0.02041630243992051,-0.060920164248090436
-0.0026113243765769783,-0.004311485039534354,-0.06523614927917878,-0.022455611686321545,-0.006897702963879157,-0.004066338483680361,-0.04250284870287202,-0.009253766366139317,-0.00343359771702595,-0.12369350032110477,-0.03543884843119927,-0.050917598568005304,-0.02015525553966188,-0.059252715457093263
-0.003687212064292481,-0.006099706185994827,-0.0846280188780378,-0.014798457928322569,-0.003720687739798406,-0.0032747207381084026,-0.06558196080241847,-0.00785867575968853,-0.006921205627394062,-0.08873944307218642,-0.03679703145721697,-0.05917193895701594,-0.020707840185843176,-0.04826866642804567
-0.006479501411416135,-0.006812168310327698,-0.12239671894727432,-0.024905120368584683,-0.0059249426311612004,-0.005637266840140439,-0.04671891056598097,-0.010142732329796626,-0.0038189345098202138,-0.0760497587380081,-0.042576619482853184,-0.027873732775458935,-0.01733235968929191,-0.05350693698106629
-0.0036109565785497452,-0.003042285361114964,-0.06152599252397377,-0.018563359377683164,-0.00211768143933878,-0.003947881923079371,-0.06075032146242627,-0.006909022331890225,-0.013893777665397766,-0.1275032811920954,-0.03785869383677669,-0.056468002301074315,-0.018397371815402103,-0.0356335514536798
-0.006348563526640681,-0.005482543706274297,-0.06574077068001573,-0.025178941246896947,-0.006379309570191139,-0.00047515722374170895,-0.051512261404570506,-0.00831635933456936,-0.0034288663783445957,-0.12484481878099675,-0.034345558710356536,-0.038553837317891304,-0.023657227097079413,-0.055971262934632615
-0.0011773708565415515,-0.008992543049725774,-0.06383664896788345,-0.02785942242033506,-0.003844056506389858,-0.0005550175379072695,-0.04474337213185154,-0.0077078948635912175,-0.009297728992408771,-0.11491002057029782,-0.03515139569232752,-0.06418802779275967,-0.017075292682723096,-0.05090286917269926
-0.004901970018189183,-0.0061859918017044815,-0.020521080826078786,-0.01585903464747038,-0.002209574414707388,-0.0038537003764982708,-0.08589620551305868,-0.008292033740043279,-0.009003663003975157,-0.08089381028161996,-0.05035817664886748,-0.0670637552069775,-0.026963307438202223,-0.06808922354990071
-0.003940487655034782,-0.0034450505311465047,-0.10241795906340477,-0.019748069313606082,-0.0059185217305509664,-0.004410720752979298,-0.043622297671475206,-0.014157419115934789,-0.004182294473066056,-0.10483277170478228,-0.037612535167750705,-0.042584501963788685,-0.01489629779037534,-0.04848701553769008
-0.006950075970374035,-0.00348454884507764,-0.05190189165596917,-0.022561981973210583,-0.004750585048863145,-0.004028066066309189,-0.06294270855600942,-0.009419132194535015,-0.006031468887960888,-0.13324557634960862,-0.039767601309236116,-0.03357665139358881,-0.02035715388357631,-0.05120804471301116
-0.010512449712215327,-0.00546025410075462,-0.016475495306761234,-0.008666377349623652,-0.007279336987213735,-0.0026904907926552026,-0.1020387505731559,-0.008181458542825443,-0.015078785903013795,-0.07760955297826434,-0.053658838954745394,-0.05202722888161285,-0.021838706775436607,-0.06738225808149345
-0.009161699302551814,-0.008901553989473357,-0.1059615926046043,-0.011589393425715761,-0.00608066898050525,-0.007708094703544661,-0.043316827404557404,-0.007824452540172165,-0.0016207177789760556,-0.09122364669254121,-0.031172004923724843,-0.06015138563778074,-0.017285208384801555,-0.04826754429100871
-0.005923115381338695,-0.001674949573018565,-0.06423498516024782,-0.027453819840133363,-0.0010694741949260733,-0.0037721534725756955,-0.06364409895767079,-0.006368255053983692,-0.011013019177369672,-0.10801300453674455,-0.03901505608573514,-0.05436648455470185,-0.015977683192537024,-0.04773261022177755
-0.007900219733997467,-0.0076327736196249475,-0.0170841103354282,-0.018930546588789024,-0.0019615130524940063,-0.004994384930107593,-0.08789960480997958,-0.014751939374652346,-0.009018492450121226,-0.07495375897087284,-0.05407058042840766,-0.05215926221495109,-0.018298397742558797,-0.0790344193450091
-0.007805345767242144,-0.011261501945161716,-0.11041882154709376,-0.01782025605155781,-0.004655198298477911,-0.0018973930131518126,-0.040894104901177675,-0.0028480466513102743,-0.00268057988764333,-0.08200160983194316,-0.033274808756107076,-0.06556744825571571,-0.015565419279993218,-0.05356106928496718
-0.0020290186774749265,-0.0010576627354251902,-0.09393464042556532,-0.029071733207561824,-0.0015190081442564955,-0.005282104898593729,-0.05377718862956433,-0.005093246938153096,-0.00751693941718163,-0.10474437642601091,-0.03757573489197613,-0.03983302936664846,-0.017797941047150753,-0.05103132323574816
-0.005434865527379311,-0.0069613336455947835,-0.09752714611570991,-0.018491219476930467,0.00023688039652906178,-0.008371589976880266,-0.04314660741304733,-0.011463715810203329,-0.006473655068258503,-0.09784281287849284,-0.03669826616314836,-0.04878264372123949,-0.013980476649578697,-0.055318220402678864
-0.004273546797189352,-0.002955240894683378,-0.04312436504740754,-0.01338630751061326,-0.009915988463659773,-0.005575382422305528,-0.06837139407092009,-0.008686588525355999,-0.010352745534532498,-0.08969759781222261,-0.05010814242735754,-0.046641474550042354,-0.024846540119740673,-0.072280960956076
-0.006942825239497705,-0.0013952046741038922,-0.07219114264118226,-0.021537547227557022,-0.004651316518541027,-0.005218182531414374,-0.05574229895425648,-0.007018540046006724,-0.010536278446022127,-0.10816855558221795,-0.03415407826780922,-0.05223928287704387,-0.011848597930417941,-0.05861588435670456
-0.005043831618174464,-0.00402228040220981,-0.0912569151172957,-0.01518602226369932,-0.005993208595002606,-0.0028018772528775847,-0.057474521992857026,-0.007886034169156637,-0.012812020191265375,-0.12128561687256215,-0.03464358339928277,-0.026450152951231654,-0.01656300480989928,-0.048669137812319796
-0.002695791730759176,-0.00643830330807486,-0.03707960001572733,-0.024744598453243487,-0.0065743997469992835,-0.005052871221903356,-0.06241721356592321,-0.009279796877192013,-0.0036664609679492362,-0.10941951089954122,-0.039119776819279105,-0.07086889020749096,-0.016775447904720683,-0.056112124358715376
-0.006949639048290408,-0.007438870279399229,-0.15638829157303985,-0.034275738123966414,-0.0026975160182958553,-0.006096169042829566,-0.025665073365242947,-0.005621697641468379,-0.009817398542274529,-0.03870332269650496,-0.03903265894739479,-0.05763698712990755,-0.010483772110242325,-0.049412833802023326
-0.008628007179851299,-0.0019828570567244908,-0.1007670730904249,-0.022502096115970746,-0.004397336693204496,-0.007056297659787565,-0.051730397647313076,-0.005610494390258514,-0.007041650332899383,-0.08850931467686023,-0.034113028618871374,-0.0559909605253993,-0.01546210796805224,-0.04647354236660034
-0.005693603623865714,-0.00011470572520257997,-0.10434674109641878,-0.02338788171181997,-0.004029109169910785,-0.009611568122380933,-0.04806489456143572,-0.008473621630183266,-0.009951431948401769,-0.07717006121221515,-0.03375282813942528,-0.06462022265414004,-0.02158062181243845,-0.03946616115667517
-0.00262408012351923,-0.0017978371050058836,-0.06513686677018608,-0.01785055936796304,-0.00615496912730234,-0.007115510224739457,-0.06325989367295212,-0.0066014287983305765,-0.009832491202624962,-0.09918417235503088,-0.03909726240028693,-0.04829490674241338,-0.020273705658615967,-0.06303171599429552
-0.0044262781614270155,-0.005444753976958275,-0.004340078484087331,-0.025009048892904735,-0.003504180130237685,-0.004050851810302131,-0.06954204082157568,-0.012388604834510666,-0.004903487289109215,-0.1341152748069796,-0.05080543246655755,-0.03380796296044828,-0.029491566976663712,-0.06810672589290812
-0.004863865692775342,-0.004812195683020281,-0.0581078333370987,-0.009242822191672453,-0.0007498369470096835,-0.005760401438011713,-0.06847554390449834,-0.009263696527323163,-0.007854144852296699,-0.10852660224147136,-0.046465670023223264,-0.03215748213675787,-0.021552287825695484,-0.07220986677375363
-0.005668018920341296,-0.0013249633036683673,-0.12533091374973543,-0.01777264791593686,-0.011411686412955948,-0.0016962316613391567,-0.04715332053297239,-0.010764247505985586,-0.0034428409947216397,-0.07107420197891597,-0.03660023705004815,-0.04123214050380972,-0.018463343014989107,-0.05831572758377229
-0.006314004508353999,-0.008582792807787983,-0.08897202467213959,-0.021024756504133255,-0.007592185154188518,-0.00803506625670239,-0.04960455761606542,-0.006050373402893722,0.0,-0.09227663898131643,-0.03930837097504529,-0.03509674695945784,-0.01796329512817299,-0.06837560566258677
-0.003286507267450814,-0.006479698607145038,-0.11495761361386798,-0.024044110851682447,-0.006885576539570389,-0.004615564522503633,-0.04841062004413556,-0.009405717148913794,-0.007991769298484044,-0.06650708525908564,-0.03087190795690097,-0.0600620211404283,-0.01674957599812643,-0.049995538335497636
-0.006046329417595763,-0.0049724882940668045,-0.10921988487719247,-0.013790267037358073,-0.007433214659968328,-0.0072213514026846755,-0.05004246714218508,-0.009192479522664925,-0.012128464396455792,-0.0628116705843528,-0.030009072361703477,-0.06623127709419448,-0.016797001799990934,-0.054316299679110946
-0.0037308753523010467,-0.005699141442328806,-0.13306915977081074,-0.03309910895142835,-0.0020904794544991025,-0.008464951370152948,-0.050962193939450735,-0.0032807661800766923,-0.01667960014998573,-0.05501586837087332,-0.04487938523135781,-0.029824669509723258,-0.007482696223726123,-0.051359088252551144
-0.0060701776671572985,-0.010047442249108283,-0.13496409898595224,-0.027050405236194706,-0.003652879557776722,-0.008907314974239007,-0.0434441692956596,-0.007403654011448383,-0.006767519125519286,-0.07529056561212001,-0.032260399209920784,-0.03418070517899835,-0.012049973818191515,-0.04816156100908009
-0.001381277729438681,-0.009219119003993439,-0.09502048197492867,-0.010991044912350057,-0.005137757213712802,0.0,-0.05286946772772529,-0.0077564412660905534,-0.010906193478340284,-0.10538876681219958,-0.03821534748005253,-0.043500937395218035,-0.011318593333239308,-0.058548430034458754
-0.0012048030180399777,-0.004928054507731666,-0.0901915900589436,-0.02906498541967696,-0.0071592057539504195,-0.004809760218041394,-0.05455138302365514,-0.00944669403516764,-0.00674090742904641,-0.040589527800665055,-0.039727344524401485,-0.079519205202124,-0.020318508009331143,-0.06197398004084875
-0.0011816642636022167,-0.006140819926881809,-0.07296173025064955,-0.028230705039535422,-0.0012337031130472812,-0.0041784688569102045,-0.060644529031286726,-0.011019410622623658,-0.0061438893659751205,-0.11059603375212315,-0.036210962078584936,-0.04148747220460046,-0.020734192702660734,-0.04949753876996843
-0.0057012607542284805,-0.0056383287845330025,-0.03537090778532038,-0.020819853639551605,-0.004175712091183928,-0.005507219843585347,-0.07956332041515345,-0.013395155166035105,-0.008976986173360447,-0.08533505427626364,-0.047581911948737884,-0.045444641232212174,-0.02545574496802214,-0.06711412512258025
-0.004348097292685518,-0.00857529012627353,-0.02571292992129947,-0.013366337230521826,-0.004876529122080484,-0.009158781370472218,-0.08658199432310612,-0.005957853653688048,-0.012963125200419062,-0.09946416137356916,-0.04160617441258811,-0.051902442952618706,-0.020660251721332467,-0.0649338747668945
-0.0032251470985070222,-0.003914677689273265,-0.1067325893488875,-0.03594704969482517,-0.004629441190480071,-0.002450784818343586,-0.06715447625363756,-0.01071885237620499,-0.012511703691739562,-0.0707064269324193,-0.03796942013421019,-0.026570781620694116,-0.020282835145503497,-0.04661012744274984
-0.00236224317997903,-0.0053203816959546575,-0.1454132321844981,-0.019883998542516927,-0.00495456458381228,-0.003844159278835206,-0.04717240636727616,-0.005420642035478647,-0.006981533347965821,-0.061977922312277715,-0.03289085977343401,-0.06330064920482611,-0.008943668714244644,-0.0417886374379689
