"ID","Type","GFAP","SLC5A3","KCNE4","GOT1","CKMT1A","SST","YWHAH","RGS7","HSPB3","RAB3B"
"GSM119615",0,5.35536501634088,3.16280282265919,2.98745501224868,4.7984432719459,4.36779634612099,4.76990611974863,5.97401191726262,4.11609808672399,4.09567682348765,2.08922355283106
"GSM119616",0,5.6236986143637,3.87911106926719,2.30832827146905,5.22687126499146,4.77147419968221,5.42550537806423,5.64730761147762,3.79621912896982,4.07222498854889,5.35677352481507
"GSM119617",0,5.54825659960924,4.19412969655656,2.1255955524678,4.13847059437495,4.39905906613475,3.87537722315639,5.05407218769458,4.35511796667857,3.0970860333915,3.66836305198227
"GSM119618",0,5.87230311451287,4.63555059770937,2.39827116153659,3.74614286563478,4.32388718357634,4.20418025629509,5.14909632510893,3.33616280726252,4.21958522800511,4.2744897325449
"GSM119619",0,5.72457990659232,4.51451354292054,4.15329567815131,6.245750368772,5.5953212616045,6.43974767135252,6.73187811651947,5.29623358236636,4.53023440200366,5.78483822639948
"GSM119620",0,5.2006362442239,3.97828012988318,2.90410068924869,4.43228377499994,4.73552480965154,4.52831455142144,5.64610150670442,3.54659389004184,4.16938965742681,4.67622697138596
"GSM119621",0,5.45118016327312,4.52338904413467,3.07370930101524,4.24941903511062,4.45723865941761,4.93069369924314,5.47742636466508,4.34264221305591,3.56155044264517,4.86996440726636
"GSM119622",0,5.09811905132343,3.91268530815607,1.2177389359614,5.61280483342722,5.03302213355195,5.36311062713384,5.94460263255504,4.5361169318787,4.70215104591007,4.41929827124058
"GSM119623",0,4.87715469936283,3.66815728197055,1.46226532360454,5.36320774653932,4.6354473594404,3.87887162434785,6.40636507157674,4.29836976997181,4.10404664439291,5.95843820920883
"GSM119624",0,4.90561063035208,3.35167996621346,2.02911748021902,5.85388253431991,5.03186424727504,4.84447588199142,6.02994999995494,4.48827544580688,4.53473242599453,5.41919257248597
"GSM119625",0,5.3648311429782,3.74798406403029,1.29908006246368,5.52720708226073,4.9887464314466,5.27088638562871,5.63176865992286,4.36863356352211,4.34394606544512,4.04355543698518
"GSM119626",0,4.31285106415738,3.04621148046838,2.20877556015036,5.21132098466901,4.52659872563629,4.94502441774723,6.36877969177187,4.84255674541956,2.62506092964145,5.37780789632108
"GSM119627",0,4.92075045413297,4.17924474124064,2.94026505871294,5.64548191443793,4.76798191601707,4.31152992805003,6.39716594045271,4.54076083971727,4.42351094820979,5.92283531348708
"GSM119628",0,5.34079726846966,1.41280323415403,2.78579555283419,5.75230972160242,4.91606333256197,4.49474477341377,7.14418180836849,4.38338919945944,2.08062584635004,1.72821999035135
"GSM119629",0,6.39671850321169,3.68692551414088,1.6604036049539,5.16168123728169,4.98491859136548,3.71469737234772,5.99311101706879,4.48829573495175,2.17128952596736,4.1607218488622
"GSM119630",0,6.59588705539968,3.90605546201002,1.74898864501302,4.02843611828727,4.34774101218685,3.21687170183722,5.52702659327292,3.00889734011783,2.92248066712379,4.50298429127792
"GSM119631",0,6.18469145094551,1.80492809969106,0.680730930426263,5.41161912780105,5.02375281022513,4.62798852579745,6.93000126316901,4.20048249452306,2.99616495923514,2.16096775019717
"GSM119632",0,5.42000884864495,3.28618904948182,2.54643542531326,5.44730078809676,4.88886919102426,4.44685782363466,7.13986896087503,4.57703548685497,3.24153183783472,4.67443139942747
"GSM119633",0,5.43642175552393,3.18641785006311,1.6041063436629,5.36256306725218,5.70494563578893,3.77831603467745,5.97451825535801,4.02454852915798,4.1894371155175,3.07108907963424
"GSM119634",0,5.64350868864575,2.4266799076961,1.40300300600778,5.08278988568905,4.77945314971443,3.9746213415569,5.95569946486107,5.17666021556687,2.56923803232208,3.66365980793226
"GSM119635",0,5.7056124665969,1.53173031291834,1.06929854403597,5.85809310561171,4.9620413600251,4.77900644112074,7.21289167353409,4.88790254304183,1.74324842862367,2.09888044289736
"GSM119636",0,5.38706305568866,2.87457767301528,1.82127865690282,5.67565875507796,4.88785626510439,4.19305977457764,6.70037348077495,4.54513570511874,1.53820985044925,4.2059316717043
"GSM119637",0,5.92893158227844,3.36913913890247,1.59736065665129,5.81102680330985,4.97272925393943,4.39698135947025,7.34437236903382,4.89045094987581,1.62877827236715,1.8418006388118
"GSM119638",0,5.81158351224669,3.18437948511663,0.969631068309291,5.88288804332326,4.76929746046016,4.15156472771175,7.32252837046348,4.47182321698314,1.73728999748335,3.40784336877678
"GSM119639",0,4.6032777135716,4.07259530539398,2.69654965900534,5.47203892086819,4.82127192692678,3.92582753157158,6.79993941396459,3.91166549483963,2.58015036696928,1.74843260888831
"GSM119640",0,5.87035173997583,1.85987478697738,0.65490793218035,5.6070731069644,4.83057543226751,4.9343122369502,7.2956635971521,4.52462732767585,3.08251462326624,3.52153768423969
"GSM119641",0,5.45860340397809,2.54621128093987,2.65021838465871,5.71027780718658,5.23447351721946,4.105451231223,6.01371604684459,4.58385469442151,3.93260794682711,2.06333867502367
"GSM119642",0,5.01365903556974,2.77492762658335,1.97761363912367,5.65699620401733,5.49974323196783,4.01374366382686,6.21137250171536,4.71417875624688,3.63611100885021,3.01891164978932
"GSM119643",0,5.11216760162706,2.74965126308626,1.82504697830364,5.25773299497786,4.87600298202794,4.15213948306002,6.04851791960145,5.06673226027447,4.39453028002343,3.17735977767471
"GSM119644",0,3.89879540491574,3.78673963121217,1.44602679727598,6.08375544378721,5.40684789010743,3.88532152472272,6.41211820960932,5.29677272846025,4.38756785708143,2.38410319037456
"GSM119645",0,5.55813098799082,2.62626322179856,2.54871581072768,5.07555758957084,5.46519972286468,4.06283104573649,5.72477207946512,4.60480802001281,4.47854145548156,3.87060966791979
"GSM119646",0,4.69791806329025,1.73829137184963,3.2475848130102,6.17211171446977,5.48310354473785,4.23048682265451,7.05259265624682,4.30618746242956,4.5891231690033,4.03405522717968
"GSM119647",0,4.67712875248057,2.04751401023496,1.90761137800811,5.83853150496941,5.3657897364468,3.69898473562416,6.41233072180901,4.94715509098368,4.65345134537375,2.59256069028842
"GSM119648",0,4.66434136857692,4.12321833411726,2.48413283823336,5.90479641028817,5.19996406034624,3.64798994155095,6.51145348643994,4.81994549604653,4.54519099273078,4.40644522533841
"GSM119649",0,5.85109412166808,4.43257101978128,3.29994986070846,5.98709821099992,5.51835297213877,4.46983417393515,6.7044846867261,5.38279461167116,4.50901802462362,3.37294610055916
"GSM119650",0,5.20641558051368,3.28799448353432,0.806929947677484,6.09314230759118,5.23127851036513,4.60094030161737,6.78286480686479,4.66267286888307,4.38232086615722,3.65138893163564
"GSM119651",0,4.88180759702591,4.49798914126388,1.52045335590789,5.1158677526561,5.40174715363927,3.14408600995455,5.87462168728452,4.83259913794136,4.81306696789028,3.09770836988057
"GSM119652",0,4.32721403800978,1.76846150680517,1.96183489193384,5.77689035972191,5.18905636291877,3.83731096533516,6.24851239209802,4.95250954347134,4.43920429539092,1.4607667742376
"GSM119653",0,5.00286849416457,3.93609823490072,1.42290302670455,5.32981513639322,5.00687337249271,5.50774603210383,5.5889004187728,4.65150903932711,3.87496890628251,1.64632735354576
"GSM119654",0,4.71986878466133,3.66540381481831,1.82561667761135,5.50496885347066,5.11447372052786,4.19284882384359,5.80927488429817,3.9670324822395,4.29599968794908,2.80570775472849
"GSM119655",0,5.31353528091678,3.83155658728311,3.47850005650406,5.48407262111508,4.8276563130764,4.04018375281612,5.72266124766592,4.75771268912,4.18716896239652,1.88661957671957
"GSM119656",0,5.16224282786027,3.37222760692868,3.13691779104352,5.55205257575141,4.97481485317444,5.05135054829479,5.81937949395244,4.45201117949297,3.97975066747022,2.26365532094436
"GSM119657",0,5.83430116173506,3.84122858589465,3.16514526075164,4.67902127097004,5.31453823410138,3.76823969049408,4.90620487240292,4.23554199657302,4.09713771390651,3.28630446141173
"GSM119658",0,5.54491345829442,3.48981998959217,3.01045386103708,5.08097823612198,4.90152576009958,3.9083895745072,4.80591106231338,3.9857724456945,4.20245944128259,2.25722282755457
"GSM119659",0,4.97921562231591,3.09990616893043,2.92914767045372,5.71301995261729,5.05374872846161,5.10461101871407,5.80644138965973,4.26487933865442,4.39740363860668,2.96789136731551
"GSM119660",0,4.89334779344552,2.9485841126323,2.81320381039486,5.52376812636852,4.92121101987799,3.78018181480942,6.0365526310582,4.53737695917785,4.36274860147341,2.79401418822263
"GSM119661",0,2.45586299941976,1.35169600193812,1.83113447204408,5.51729836841107,3.97755017854322,3.56745492404421,5.95610163773089,3.72063175021103,5.04690171628316,1.78951797135588
"GSM119662",0,4.93824505585793,3.69610357664876,2.5225479415656,5.60289791149609,4.80827178526976,3.53561018686509,5.89124565808771,4.54505702068607,4.16587224921444,3.89528427416936
"GSM119663",0,5.14029755065678,3.29081907511359,1.09494834244288,5.92004409291718,5.14036039776202,5.40359397866867,5.91042762544955,4.44683000834014,3.9721747138574,3.37767862957573
"GSM119664",0,4.74201706943934,4.58526844325711,1.48068649127171,5.05329457940269,5.26170446605709,1.8575576299891,4.91510262324388,4.39740013429259,4.45733672382249,1.44078290175624
"GSM119665",0,4.44259942777805,3.50306904621395,2.94315022662103,5.53288672428868,4.866687808001,4.26168135436509,5.78603654924336,4.70377067516525,4.30958056444181,1.13188577704852
"GSM119666",0,3.17905041787881,2.83004155528474,1.9786425047099,3.76344063959586,4.33281574206104,5.02455849973483,4.15111245294099,3.42616784519315,4.25809281471034,4.11462811476566
"GSM119667",0,4.22599894716473,3.20591840869036,2.40865354888053,5.76044653193596,5.16849034462306,4.37879937817235,6.02929275649073,4.38342729307158,4.28501117691164,3.39797030580183
"GSM119668",0,4.57590677786024,3.94861600310583,2.14797712589645,4.88570744090193,4.83109918264437,3.97979472034141,6.17458384349274,3.87265161396947,3.88825121943126,1.82729758193031
"GSM119669",0,5.47855891208161,1.69816640119756,2.49708539581282,5.37754397265323,5.57140406410972,4.14861335828627,5.34443159874048,4.01940106594408,4.25640795775106,3.74098634426914
"GSM119670",0,4.33618956590314,3.15651743460224,0.679533022026164,5.83160804514228,5.00602198913298,4.89980299714668,6.02664778346873,4.62573287942604,4.39650947576794,1.09740073064659
"GSM119671",0,4.72693745148474,4.39267267805133,1.97607590241575,6.27951727453882,5.86559715531777,4.98577571531783,6.49491000780971,4.98648779540591,4.90354625804042,3.415943526128
"GSM119672",0,5.41170841285335,3.97831153328359,3.91176607432798,6.38372252986418,5.71328603344953,5.47759108711786,6.99567426691669,5.75553144086504,4.99349175349553,3.60472603167213
"GSM119673",0,5.50704815274485,4.78371605722522,2.44994381722538,6.34907946909486,5.90514315074242,4.27407359795697,6.52946881765773,5.03042399807341,4.84196609772384,2.3500889930488
"GSM119674",0,5.61813972675262,4.45389580017471,3.87304770270225,6.22174377332914,5.56697119775633,5.74477047588359,6.83059866167477,5.23862591596677,4.90394494044551,4.91000168955182
"GSM119675",0,5.0482387645428,2.03989308113009,2.8453193562929,5.5523014179666,5.37682973872626,3.31846252721777,5.73027442590097,4.17830595725595,4.00346041814602,3.19508933348708
"GSM119676",0,2.25600779680283,5.14465664467442,2.38354795424911,3.44237655501058,2.40539293485097,3.07024837192105,4.56319456200129,5.1146653297977,2.83098293858386,3.07410659319286
"GSM119677",0,5.70400821386266,3.71797542496236,1.55981480165039,5.16941653840981,4.5792102776312,3.87751923335189,5.48512525275985,3.92946845327152,3.36487697869733,2.59444426654509
"GSM119678",0,5.34850810738046,3.62626337913213,2.67932404456988,4.68162257217068,4.90335268559159,3.52529140075491,5.25286107459316,4.0004705471439,2.94213046938594,3.31161399385958
"GSM119679",0,4.66604249780292,2.7983454619896,0.724209679618991,5.60859783193763,4.79601275036013,5.60036504540906,6.32106673666522,4.67042609581233,3.98687918780653,3.87470331722341
"GSM119680",0,5.73140232741288,3.40047456942356,1.19028904004525,4.7940263725739,5.07518403997354,3.03930492416569,5.08476182616694,3.97792507733146,4.01287313259539,2.55089464427284
"GSM119681",0,5.91940130504674,4.77430371874691,2.04255791496587,4.43306253985158,4.46706716830244,3.09519714614061,4.99538146693581,4.29078684474221,3.77960994392416,1.83207919699204
"GSM119682",0,4.30388065020399,2.75718817816046,2.08171027980323,5.59814399598015,4.9224157564119,3.36351536755832,6.31385257409221,4.8104454109214,3.61406200120695,3.24294571804194
"GSM119683",0,4.93767761435567,2.58406953842669,2.04075777453232,5.27968323234853,4.56445736165211,3.89015752282571,5.54876914643432,4.63747946159366,3.104263000438,3.34299309832885
"GSM119684",0,4.5365433457317,2.82157590691375,3.16854791635665,5.65535722057339,4.79056943951702,3.66082780070517,6.26591455195718,4.80825747638725,3.74187272983855,3.07004521438089
"GSM119685",0,4.98035169661345,3.57415430362818,3.14874604366384,5.14905599963344,4.57826396776813,4.29340004875501,5.53008932016951,4.29271142457925,3.57902861639524,2.5385352979952
"GSM119686",0,5.14185804602187,3.50780030412869,3.15195049591588,5.49612621407735,4.73377617450839,4.05872233031522,5.94678268952823,4.53215212820603,3.72045659242564,4.21259600595094
"GSM119687",0,5.71078218154113,4.2640190028047,3.72617409120069,4.78950357251016,5.06267505881237,3.24255037384551,5.27992545923198,1.31559365922579,4.01741452038647,2.4005605906934
"GSM119688",0,4.81822353727602,3.20882599024564,0.419498437005206,5.79871347104057,4.90011432137541,3.19163395019139,5.79734151151921,4.52485524823732,3.57561946468763,3.70517015330067
"GSM238763",1,5.86185782250748,5.23028856423094,3.1797372165036,4.08236934647246,3.69543676703926,3.05637644559162,5.1343570815245,2.53612701387044,3.66570759543816,2.10482644668561
"GSM238790",1,5.69219263994597,3.54138681492262,3.15814378797339,5.00581460713808,4.41881166761014,4.59387675964005,6.16312772009043,4.55713640839908,3.92022422360771,5.51533682218934
"GSM238791",1,6.31311805996904,4.87101388653786,3.87464035429762,2.86779483334355,3.80194661662466,3.48924410028346,4.90037247786335,2.10121744507028,3.06075025853044,1.86054593930043
"GSM238792",1,6.61535514862184,4.66201886793429,3.78261469057089,3.98597397071285,3.69220295232228,3.2398492572258,5.26005814247806,2.94245760256261,2.79466453132619,3.35861459489466
"GSM238793",1,6.50042869318595,4.58911003561668,4.19057381857754,3.98728146610904,3.92226033172323,3.40537663007991,5.05966121362846,3.23859910207275,3.51780091716002,2.84740573072609
"GSM238794",1,6.18701580593393,5.0210310520466,4.24309567323213,3.97439883396022,3.35423311551414,3.43501375427489,5.37663791857744,2.11920912861481,2.99709126306785,1.95398000696367
"GSM238795",1,5.78381451578588,4.63366071323267,3.20789673386742,4.4462431565159,3.8809280558371,3.31159068786707,5.08780488164327,3.83159316072898,2.87119870136831,3.50820708158578
"GSM238796",1,6.58028079819074,5.03523170544059,2.75236595193811,3.50150873045053,3.56340319303201,1.8994920888208,4.98305763776481,2.76952698484554,2.77531075708355,2.24326653159095
"GSM238797",1,6.34923472256989,4.61857952724374,4.17548825708116,3.92532266291706,3.70022563230325,3.59189456603414,4.55816028659762,3.38715865793593,3.31935484757298,2.08213332384754
"GSM238798",1,6.63421030825933,4.49873574548709,4.85213628195417,4.11055136484518,3.40185911982464,3.52475464567414,5.2598339041276,2.48029061018027,2.54017682832191,3.71847894206403
"GSM238799",1,6.24025000894937,4.00711914027424,3.68171422247143,4.71281945234262,4.46746084273665,2.89173969042588,5.54484910226456,3.61357170276727,1.32260870142258,2.36458256600704
"GSM238800",1,6.73762286103015,4.97665439944195,4.75224721233786,4.22725954353408,3.87244428810568,4.22650546581543,5.17340144605579,4.00336749917772,1.7345149464424,3.13219455438927
"GSM238801",1,6.31544323347282,5.17008616675335,4.87182477514249,4.76789061686619,3.68969183114898,3.95960648015819,5.17377885826495,4.06359638773334,1.45565366892176,3.83830118234332
"GSM238802",1,6.0890604739795,4.40676437198295,3.40811193762937,4.50580413332031,4.22086615997435,3.43534128968838,4.65076343593931,2.60106609222636,3.27176562641948,2.0590261605758
"GSM238803",1,5.4011417916294,5.0059497112719,2.33433945033242,3.41171948817312,3.84121863802768,2.97845506583061,4.71602200388174,3.27789117039068,2.2447560978764,3.32204999561189
"GSM238804",1,6.10291120490906,4.82548025449968,3.55004560010601,4.26224111857984,3.70679811034962,4.12419183317663,4.48587992501949,3.3014448192618,2.32182313591743,2.31976758790822
"GSM238805",1,5.87741610962769,5.20426106236031,3.18211048660496,3.48017662459969,3.63000601798418,2.9997577347886,4.60825635588378,3.69241412084169,2.12332525600266,1.76214503132723
"GSM238806",1,5.80958270489179,4.91414434944864,3.79218641017115,3.93025230225806,3.98185977993234,3.88167992719743,5.2215502563184,3.89212944117632,1.15014499477064,2.23873665084342
"GSM238807",1,5.29046354298592,4.72230924571423,3.74158065164833,4.47765060990002,4.03507545899856,5.51974265269422,5.29312524893242,4.12267546132751,2.04414511432868,1.9175206985949
"GSM238808",1,7.02915793808404,4.3003633941247,4.87530213324639,3.85795942558141,3.29538392516589,4.23168031802875,4.86635017382925,2.13889850839659,2.0592514439508,3.69197084695894
"GSM238809",1,6.06745046194072,4.63950156164782,0.864924215331523,4.01823492457315,3.92825448773912,1.72584816497144,5.0806529096078,3.44767134681539,2.87468424676528,2.16157962864022
"GSM238810",1,6.68970624444216,4.2906851959215,4.40889872714166,3.92885986171017,3.09599576035732,1.41990664137442,3.8249134941823,3.64752929023272,3.19077589902123,1.03578190231904
"GSM238811",1,6.16698728120675,3.61354557190477,1.803964619544,4.47106933559828,3.87713388634112,2.61142081390918,5.46091112383004,3.59029392370837,2.31377385525181,2.1265330611127
"GSM238812",1,5.83756599965691,4.8179206800227,4.83529339537556,4.50926474238728,3.90326057796887,1.08665174382709,5.62121274786882,3.41297673090285,1.84049742211838,3.34688581739084
"GSM238813",1,5.76832383293167,3.9782073945725,3.79626966804003,4.09298804679212,4.09045399172496,0.993148603908939,4.65041643234173,4.3891045880259,2.65254835838739,1.9387216311073
"GSM238815",1,6.94603355767456,3.69210098187925,4.52051178735273,4.09067739714188,3.5343974775842,2.47934656337245,5.147637058698,2.51091090153392,2.21256651421951,1.33383083575597
"GSM238816",1,6.9400498448938,4.52115679579492,3.72513551206587,4.22375108039751,4.15940882821372,2.01955697030358,4.72726523778488,3.53662981734744,3.32911907920839,3.29621457935062
"GSM238817",1,6.46834447074615,4.0728086723756,4.10341514904349,4.93162922951239,4.59729953728567,3.0230707690483,5.59272631969176,3.53558515818958,3.5518157202434,1.67175482045082
"GSM238818",1,5.78566260172686,4.26222859737667,2.36456421793896,4.74541896096532,4.37857789913002,2.61505682441673,5.60009561690742,3.33777980081421,2.98694920452941,1.76051955700375
"GSM238819",1,6.20068453014694,4.5970716652372,5.04472106004602,4.05338837261313,3.45607002016466,2.79264778092489,5.23698654100038,3.60012914052548,2.15691029475261,2.96900363238897
"GSM238820",1,6.52521558905951,3.64616034199988,3.99869168581809,4.94205832807202,4.02500264656845,1.05247208540378,5.66862007262194,4.0021963165706,1.79100108311669,2.30922304895144
"GSM238821",1,6.76002953863849,3.39000555236585,3.4010440293001,4.74783341634771,3.83813855642655,2.55829818451228,5.54571679762283,3.6036651948034,2.97917854850646,2.86210576215837
"GSM238822",1,7.26335714770248,4.8461984580365,4.64227377045009,4.239524047282,3.71854311361764,2.16981564988038,4.25175311571581,3.31975994892534,1.95832664161403,2.71816749315934
"GSM238823",1,7.10893798998162,5.04924587624797,5.17052355916467,3.77559646538867,3.11065129841054,3.19935765040611,4.35795668714146,3.75788137640758,1.64754632045688,2.2509675555613
"GSM238824",1,7.29866693789234,4.50284471442705,2.78723040276594,3.62876323965568,3.7208074561435,1.77964243828438,4.85444808177045,2.7598396374801,2.98697427750653,1.74839450131301
"GSM238825",1,7.26304079826776,4.40512277526631,4.63961374041177,3.31437914912321,2.48273477703249,2.01589968948321,4.45219366269593,3.60811185205983,1.72439732259671,2.36300269989883
"GSM238826",1,6.81752540854148,4.68339239708807,4.82570399557143,4.4288232715748,4.18687868764093,3.04331095115634,4.85271175927237,4.10042965189974,3.73247476134097,1.54338263936589
"GSM238827",1,5.42005161847146,5.4618221703188,3.50106196934413,4.27657002948975,4.14029732941566,1.81986530305311,4.64441504553265,3.21617105678259,2.30491007285315,1.76667738237302
"GSM238834",1,5.61550720484284,5.32721287393134,4.67197948418769,4.38265887269905,3.9229476520585,0.642816522064451,4.61430198049795,4.2664870142772,3.60775976398046,2.31499839200369
"GSM238835",1,5.48914426577912,4.59914824337466,1.95829238293202,4.24601531798777,4.46209861775643,4.55301627314091,4.60163197540277,2.95515286872154,3.93186964723464,1.95451119851988
"GSM238837",1,6.93459597609224,4.86155185370924,2.98145849152222,3.89737379763951,3.11374418694707,2.40859512896743,4.61854295830392,3.8706224869046,3.83162964042732,2.14887258311118
"GSM238838",1,4.07146530681808,4.96497506974237,3.91710518228479,3.73158664128412,4.05861780755722,3.0413614185653,5.1284633292275,3.75693344206648,3.89065889632399,3.66342398646907
"GSM238839",1,6.15215543670227,5.17010104028632,4.16251433818315,4.64615212869467,3.90494618698155,1.56605328297349,4.95469904394022,1.46144671037149,3.32410227984131,1.64968451758892
"GSM238840",1,5.82097772381556,4.80301187671014,3.48406796174818,4.02976786599204,3.58351632536862,0.586895653193238,4.86070073650666,3.97213713579979,3.33345176993116,1.56316156887216
"GSM238841",1,5.5501368002415,4.51241046251211,2.81290906988848,3.94872373615675,4.49675242044458,2.89394926412404,5.08309651674605,3.41027674073724,2.94595211311098,1.20779695004962
"GSM238842",1,6.0503060816494,4.33902638002248,2.23321745199882,3.6913812139587,4.27445470437801,2.9491092399724,5.01567018675168,3.29680218262022,3.0516730858554,1.71385816474934
"GSM238843",1,6.13099819580363,4.32059622592622,4.06943313936087,4.46040449312448,4.17019716513165,3.39432815493891,5.27374510226682,3.71169859364593,3.59414978676239,1.4552356631672
"GSM238844",1,6.34610549316012,4.47888787938968,4.28365990504796,3.86658809658739,3.88645505051086,1.44038841911418,4.76366339019217,2.6288777018071,3.77770764149975,1.64347544112953
"GSM238845",1,5.72630990159796,1.55403424740575,3.19679004582029,4.92617884079148,4.26971770174408,3.02612167975399,4.97541267994659,3.32626002182433,3.30439411497692,0.712975313523454
"GSM238846",1,5.44779660814584,5.10531703576374,3.69213823002062,4.92936661835292,3.80012472921568,2.65848466150429,5.19377328055936,3.76454020014163,2.08773647780469,1.12856629750998
"GSM238847",1,6.3090996154115,3.7885544223084,3.18593256732645,4.56358938356421,4.5740783722314,2.63288188698954,5.28151099236375,3.67363725651661,3.43067742403024,0.818228864400131
"GSM238848",1,6.56447108626377,4.1309389504578,4.02023390466187,3.81734844353833,3.94812598502701,2.12760844496751,4.73912009391235,3.06238574311809,2.13038014106768,3.35775670938157
"GSM238851",1,6.99211755119958,3.58385492986344,3.48597315269901,4.39558878083007,4.01801361798305,2.29915175235485,4.75218282842116,3.96815947914278,2.56888964263719,1.90664270510493
"GSM238854",1,5.91736986689298,4.27394399745824,4.15043734144503,4.24110107980781,4.71374228566187,3.3732980462569,5.41973726041425,3.34118367533269,3.27918287239087,2.0414003434312
"GSM238855",1,6.90857317711039,4.37241690273757,4.17505960698532,2.91015618685066,3.29436001788075,2.78695258015522,4.33415206588411,3.65931586809906,2.85788921679844,1.85405981331221
"GSM238856",1,6.52990810522668,5.04129515451748,4.16284390352457,4.53391615260362,3.88832252269309,2.0735179693886,4.93640010478469,2.89470238502957,3.72508913220164,1.84241018455384
"GSM238857",1,6.07047293459176,4.39903700297055,3.85088155100916,5.30592841110698,4.57568945579351,2.21035416018816,5.642633204818,3.51521759269495,3.45399004777875,2.24048919468445
"GSM238858",1,6.80222146885617,4.88092057991073,4.27063437615902,2.63523451870822,3.97161208110766,2.21374852944237,3.5815124904917,2.99051419338381,2.64082799132692,2.41897071493406
"GSM238860",1,6.21922211654963,4.30695171846499,3.24960212891468,4.63804806246142,4.25810289536893,2.2378868391015,4.77503798487347,3.33838257973405,2.99962026541714,3.6791334273116
"GSM238861",1,6.27123852436833,4.60600282198678,3.89596850976541,4.24285514439256,3.60624942434793,2.3728400904345,4.62151575629688,3.57294261541467,2.15136453034399,2.60065731580793
"GSM238862",1,6.37350979324747,4.64094976822274,4.39780374592725,4.20140145422284,4.01208654453219,2.44490537863903,5.14637416890383,2.91190267147708,3.60076660706863,1.13573736026565
"GSM238863",1,5.80503122108469,3.78732844740417,3.49642669337986,4.57547644473119,4.44123518368314,2.25780154708113,5.03945785329837,2.90111152602649,3.56309785465965,1.26998348532599
"GSM238864",1,5.51192584254788,4.14506439004311,3.60856758599746,4.78012594343471,4.22855297487217,4.30008140697268,5.42347174321795,4.06261009799467,2.67553858772648,1.39320128429201
"GSM238865",1,6.44220622073855,3.25226317231241,1.52644473733158,4.66624426971474,4.31839982927423,0.815385297791466,5.18185101311073,3.75157495155855,1.75783505698769,1.22846227812926
"GSM238867",1,6.92865605730242,4.62630944618963,3.95725567793696,3.22736365382088,3.55871008352574,2.07650178363473,4.52799567238868,3.48534249308142,1.19855386509884,2.07429492664719
"GSM238868",1,6.83701144334179,4.30646213558383,4.00966882113175,4.28683227149625,4.27024176290068,0.926692881647522,4.8175055686735,3.89604574139546,3.56540289518357,1.49528248329017
"GSM238870",1,6.29084354164871,4.2326113906647,3.91126341315578,4.7898210022239,4.48103688813696,1.56961925696445,5.36353194084617,3.36541697317236,2.96587771887426,1.26214403036932
"GSM238871",1,7.10333920131322,4.20521312669666,3.13293770594265,4.19399485837712,4.37365151990195,1.40636481737773,4.55565994645252,3.72257201392315,3.5075500626956,2.01901439507127
"GSM238872",1,6.66595985694839,4.1417074147568,2.34687841531122,4.39860022730753,4.45305735862187,2.27897240401083,4.81854702147702,4.11509679075258,3.33378450433895,1.90752973369949
"GSM238873",1,6.14883204113121,4.24052712316264,3.94873489386239,4.35054112545763,4.37740617498112,1.02746133942816,5.04989117142941,2.24823369398737,2.81623158134617,1.01497472572302
"GSM238874",1,5.40976937366148,4.52486779726699,2.73352225662267,4.37711669958435,4.49856053667164,2.30174869177418,5.18117630436213,3.88612293338896,3.21937267342925,2.83941272978911
"GSM238875",1,5.61581427844802,4.83981531243669,2.89861168813609,5.2072028425616,4.43182153344758,0.490143507459463,5.91694738839074,4.053201091474,2.70501582501731,3.22623799227981
"GSM238877",1,5.56669984489594,4.52314479127012,1.23230351880979,4.66808561055233,4.80353272877093,1.72679921022256,5.0336555669082,2.92205683236129,2.75560767611527,0.982181992529499
"GSM238941",1,6.89667898619898,4.83523644951341,4.7084446226591,3.45482090258815,0.994643520630897,1.22447955368953,3.72695836201606,2.63766353347763,1.7604165923159,1.36343849160348
"GSM238942",1,6.19394565118282,4.39429472310702,3.11230327880572,4.82844537778108,4.52156733397869,2.06331520202011,5.2836722155445,3.18394481615088,2.29279436269973,3.57873211030329
"GSM238943",1,6.4746353315194,4.77328985138926,2.52260723989574,3.10876363444411,4.20817606155561,3.05115219284374,4.51489251702322,3.17193898857486,2.52298649162436,3.03553792844232
"GSM238944",1,6.08459880098883,5.63876199703772,5.15935667864136,4.04102664869003,3.69449827070578,2.72173955055445,4.64169347694726,2.09720633956542,2.41224276806806,2.35126428805574
"GSM238945",1,6.14840334910248,4.58475973600393,1.19542274839055,4.74961052799651,4.14106658940528,1.32577200857349,4.42704864573001,3.57670576505275,3.22747248661284,2.93603554780039
"GSM238946",1,5.27013746411808,5.33082881927852,3.00350836598364,4.81078553689675,4.32168365440133,1.20946357678759,5.23243456638291,2.59218019037634,3.55914206478606,2.03547428612709
"GSM238947",1,6.6039341704109,5.06288365260657,5.3333394760191,4.25209540302807,3.00631698459591,2.448051314649,4.86867629353703,3.81002657845072,2.11615736895569,1.99262207804646
"GSM238948",1,6.48575087204058,5.18313245151651,1.57473958023845,3.23604717176577,3.85384197205708,2.91054669331199,4.11127160402559,2.84271151605784,1.99239233284668,1.99411280213719
"GSM238949",1,6.59959528162268,4.80437867508037,4.80772241788201,4.53638929452726,4.00560048589252,2.94930801652471,4.89522678010572,4.04143779881917,2.01831081896186,1.72778045923123
"GSM238951",1,5.89466391622179,4.06205733790842,3.56648799649627,5.03130139928527,4.81582481784038,2.39274870713972,5.50818048968154,3.94745374586615,3.12125047283258,2.92050875865101
"GSM238952",1,6.65586441843987,4.50661484616071,4.17536487988929,4.46525482250415,4.36975450144077,1.83843587030936,5.21141032785149,3.62298445280838,3.03441343572336,3.24963404253963
"GSM238953",1,5.8806511354658,4.36133209237935,2.24228296924195,4.96570544908915,4.66319949887813,2.52701407866231,5.75084605737463,3.93942688410722,3.23967449987115,2.30354845049345
"GSM238955",1,7.14108281484959,4.68681965432325,1.35030111108956,4.36753158203961,3.37105468382764,2.67104459852209,4.16179052609407,3.78488944517344,1.97098102300491,3.26543896168583
"GSM238963",1,7.15854191111826,4.90348208061425,5.30954682448171,3.10025185345713,2.84371787587257,0.903157039683514,4.69868822545347,4.15010956014896,2.34914702232052,2.15606590665924
