ID,ASPN,ISLR,SCN2B,HTRA1,HMGN2,SERPINA3,HMOX2,FCN3,GGT5,LAD1,ITPK1,FLII,FAM89B,TRIM8,Type
S1,7.895138924,7.78483994,5.671565535,16.63722907,10.5907334,6.268980334,10.57727901,2.664125798,5.261661474,4.088620404,5.267453777,7.666888962,6.633952522,6.17991671,1
S2,7.701885269,7.411297934,5.761506611,9.837899322,11.34441685,-9.697563428,4.559404093,4.907625627,5.089429916,4.042931609,4.891015787,8.285539394,5.428689092,5.758008713,1
S3,8.169113165,7.808026219,5.956217291,15.4599251,9.855074926,-1.361046616,7.355567554,-0.984916827,5.564553453,2.984568217,5.448324387,6.763773976,5.519261622,6.851168976,1
S4,7.521933648,10.43239113,3.162387297,28.5975788,12.27584634,12.01624368,-5.89422203,-5.508182136,6.487706108,1.744305586,3.868348703,8.357849766,6.567762397,6.351125264,1
S5,7.933250778,3.090602998,4.243710549,2.159164804,10.97297651,19.39846293,16.18942469,10.31814525,5.831502056,7.499866228,6.902193707,10.69558475,10.02414423,7.893562051,1
S6,8.273082363,7.500619499,6.008398242,11.62161593,10.01264158,-8.959820435,5.805724123,4.161122977,5.05950392,2.893680272,5.500391995,7.833165481,4.18009626,5.807112786,1
S7,8.859847752,9.13203072,5.514040332,18.38567104,10.83696924,0.269488416,5.811233496,2.030248621,5.378754554,3.573109196,6.136024043,8.049252111,8.015757326,7.211764576,1
S8,7.660371377,7.402935382,5.848054206,12.91467462,9.92430142,3.629183901,9.004266421,3.369399889,5.967772898,0.47015777,4.672104353,7.135121724,5.433767419,6.521363462,1
S9,7.495233667,6.05050674,6.13147462,14.64136726,9.673773783,-2.039813758,9.648416842,5.528778686,4.891710134,5.996037575,6.398869885,7.917750652,2.960866343,6.155243568,1
S10,7.597746788,5.947544783,5.596975288,12.83820448,10.07327143,-7.814140127,5.059791929,4.637562497,5.442032799,2.917255061,5.101384663,6.982979889,4.892717098,6.589611112,1
S11,8.176449175,6.020352838,6.068654426,16.55818083,10.36742708,-9.673427038,8.324100786,4.773237165,6.182257045,7.36477907,5.601898212,7.95989066,6.667040331,5.192911234,1
S12,8.02138045,7.875625231,5.587732641,12.34791856,9.723431529,-2.856027702,3.484119341,5.407001748,4.966067562,3.857688745,5.332868212,6.917651953,4.549263802,6.278626159,1
S13,8.259308445,7.871393217,5.35541359,12.12521147,8.606339457,2.456724164,5.280285112,1.854795807,5.34401403,4.062650483,5.613396686,8.182377653,4.788805824,6.809622975,1
S14,7.748398227,7.057951108,5.529538573,11.24214578,8.916330273,-11.8669015,6.374584182,2.215429406,5.962763673,3.498436392,5.691868419,7.691190462,4.929578403,6.517500931,1
S15,7.171905202,8.223808096,5.761202513,14.11529878,9.531850793,4.617697228,2.122331861,2.626975257,5.85006235,5.726663205,5.771230124,7.858129466,6.29067914,7.003604581,1
S16,7.495562348,7.381508125,5.510055486,9.79633075,9.855074926,3.17538161,6.241395156,4.621542422,5.885638438,4.255405113,5.566968238,6.113505788,3.653405288,6.597340358,1
S17,7.266114836,5.245700506,5.796898363,9.442770135,10.00800219,-10.88962755,5.460416698,2.775598604,4.685640897,3.793343692,6.395434296,7.268950708,5.859127662,7.12933758,1
S18,7.880036654,8.4224092,5.571711161,12.8011665,10.23793459,-1.369319691,2.799589103,6.809740535,5.464136378,1.357857025,4.836618655,6.235624,4.742504346,7.04556403,1
S19,4.994478529,1.034892337,5.805411536,2.355052419,9.126006774,10.77656352,15.05958572,16.03999358,5.994621308,7.3889447,7.890997192,8.233735155,8.006756698,8.253811793,0
S20,7.043695451,3.046204601,4.20918366,1.077530788,7.807087335,21.59640717,11.96699489,9.563626263,6.535027539,6.581265179,6.898563635,8.811740083,7.322622742,8.4130456,0
S21,7.464517795,2.736545074,4.568455536,2.854091013,8.791720483,15.14982895,18.03499231,15.79183844,5.804426884,8.011681626,7.278780121,8.233735155,7.985863259,7.312317378,0
S22,5.014662274,3.84295018,4.430786387,6.412794453,9.887418769,24.78342676,14.50375711,10.31131463,6.792895323,7.923118032,6.913134087,7.778315161,7.644698027,6.980857483,0
S23,6.44148248,2.661427374,3.615773367,-2.260060743,5.885862194,14.25831151,20.58735933,17.77447328,6.79410716,12.349708,8.315176051,11.62125524,11.12884211,9.51328671,0
S24,6.670835825,3.748243432,3.771078373,0.411808508,7.406438936,12.36698497,10.49566095,9.769679488,6.64185571,9.947912244,6.035277741,8.250675422,6.859774239,7.879753785,0
S25,5.618480165,5.700529049,3.746238756,10.70698192,7.522160528,25.11726317,13.71514013,14.21573858,7.520164903,3.988385741,7.871587431,7.426839069,8.360641136,9.293397441,0
S26,5.3938593,5.042168664,4.790148067,8.036762998,10.33390951,22.39033955,17.29526341,10.21165823,6.597230771,5.620939354,7.894975853,11.00999765,8.372778532,7.487178793,0
S27,5.911834472,1.742578623,3.843115345,2.731115803,7.829251683,20.51044529,15.76370384,11.98126788,7.371395391,6.290629798,7.88703809,8.202349596,6.714837767,9.070460695,0
S28,6.910051563,4.38479407,3.895582772,1.151481754,6.744820972,16.84378427,15.00093051,9.780798485,6.728869273,6.349237343,8.278982551,10.99866815,11.06631115,9.407718575,0
S29,5.147006009,2.729525288,4.956161891,2.513041597,8.257173131,21.8697298,17.63057537,15.26563543,7.389003322,5.775309554,7.426292118,7.640014777,11.58338061,8.278240623,0
S30,6.975885538,6.035356939,5.00363763,5.866028468,10.78010764,24.31468976,11.09130789,13.74184549,7.411388813,9.867679497,8.453344106,11.66842533,14.22107449,8.982828219,0
S31,6.83702162,6.363627857,5.673012205,10.15820843,8.148460494,-1.232029187,16.63241756,9.37036829,6.005449203,2.401818154,7.364139042,6.894311629,9.716524878,8.273025202,0
S32,6.355367031,3.439468288,4.250163144,5.304856926,8.870080279,17.59819816,14.15711949,9.653259683,7.330961342,6.993406327,7.167581435,8.856353781,8.615186182,7.59483996,0
S33,6.365924569,3.565732447,4.567195178,8.358122639,7.676974994,14.84133002,17.27641136,12.71620491,7.073491895,5.978597704,8.239765428,10.62141246,11.6997009,7.849284692,0
S34,6.332837213,7.406047651,5.422122976,10.21837358,8.878751032,9.411227668,7.800808331,12.93233141,6.240354038,6.030020807,5.707143437,10.31102986,4.523524573,5.518909875,0
S35,8.180783585,3.623343194,4.887965965,5.01287726,7.967837538,21.12924461,11.75391695,14.89902147,7.140405237,7.34232421,5.490825731,6.938504901,9.979848274,6.172455897,0
S36,9.034327062,1.279769697,3.962971432,4.327765436,10.80099225,11.6098489,5.987773372,8.843677063,6.298777555,5.125608401,6.43066878,10.08747176,8.739867021,8.092356932,0
S37,7.499511945,5.822795154,4.18517909,7.114151647,6.754999538,6.677428578,9.524023031,8.187482375,5.186608016,7.812562283,6.964446752,9.53792135,12.23187545,9.323938368,0
S38,7.18589178,7.73182265,5.120007778,9.999788657,8.273154349,9.210806517,12.57709425,7.016548923,6.100924262,7.775813016,7.17505016,6.724806155,7.631058779,6.731336907,0
S39,7.357587295,3.097541979,5.039840371,8.354026629,7.31912611,18.97536697,12.94978415,13.54821705,6.273714747,5.796186709,7.50407694,8.86506441,10.32122265,8.009582512,0
S40,6.97535724,5.108143802,5.47699382,5.946482018,9.247819903,-2.716805407,8.521509022,7.894651907,5.85667101,3.579136353,6.089405172,6.769268689,4.00321446,7.361220555,0
S41,6.48553496,5.597978003,4.540964402,6.678550503,7.703269289,17.32331788,13.56509859,10.79347566,6.689953814,7.823787536,8.610466302,10.04972715,10.40873639,8.531180837,0
S42,6.776147446,6.367461042,3.762690696,4.551689023,8.288009057,9.034398822,13.93997646,9.300876198,5.463809676,5.423755519,7.462755212,6.701589995,8.597182479,7.779349234,0
S43,6.300681341,5.895050567,5.067296548,5.576500559,8.507223044,17.10834952,15.3100742,12.35658285,6.780717748,6.224123107,7.996384792,9.922449239,7.035691939,6.223444293,0
S44,7.147213075,5.794277087,3.99891544,6.208575049,9.855074926,10.58219448,12.54789916,8.787218777,6.364351617,2.299521914,7.752159892,6.706658009,8.736318761,9.024673556,0
S45,6.152564237,5.182499725,4.652865815,7.15457485,5.165952974,12.60356882,13.11112009,14.18487999,6.911874577,9.5019068,6.473783406,10.71385149,8.730319604,7.684256494,0
S46,8.025027898,4.112418277,4.877744348,3.813121677,6.686605328,23.02798252,17.87038312,9.253841064,7.10267294,6.708417771,8.995444285,11.79594485,10.71170435,8.79501183,0
S47,7.301109483,2.733935228,3.474887227,0.971672751,5.920560388,24.39413562,16.77362961,6.763393051,7.336922331,9.39967465,6.473783406,10.47021492,6.882980021,8.956633798,0
S48,4.577995071,1.721894163,3.420215083,1.042245951,7.865969022,25.15332493,10.59666563,13.43751992,7.065891087,8.529115588,7.156230277,10.64990068,6.859774239,9.642660484,0
S49,5.249243311,4.906541917,4.447794064,8.317465112,8.160425337,22.65921031,18.46195807,15.29834107,7.114970872,9.698340515,8.040294895,9.795065683,9.459096523,7.912487017,0
S50,6.236358121,5.341721031,3.887046702,5.989141514,9.647992009,27.87526207,15.96222669,9.911070794,7.422891877,8.893689801,7.28142081,9.929579918,9.576276129,8.651587915,0
S51,5.134464733,3.830303875,3.735965911,3.199877167,6.925311112,23.81477718,16.24121015,12.44022181,6.610040623,9.158735475,5.889827888,11.16503571,8.775551292,7.548672828,0
S52,8.431371438,7.441319792,5.536552492,14.2420172,9.460750098,9.674850273,4.156377199,6.656480742,6.84342826,5.429606601,7.45170365,6.674239018,8.012734325,6.382035909,0
S53,7.755297644,1.073811556,3.635795896,-3.069152499,7.941886115,25.81665077,11.37582264,12.39356055,7.396023211,8.343810396,7.461482938,12.20558239,10.00461782,9.329178287,0
S54,5.524693859,2.037961302,4.078916583,1.769940604,6.925311112,14.35304309,16.06686724,15.48131846,6.466420155,7.178465858,7.316906122,7.500024708,10.04950605,7.863485013,0
S55,5.545107981,2.463357965,4.882340465,5.485039173,8.2532347,25.09415462,15.05157576,11.81751546,7.131068458,8.52142149,8.560449562,9.859276812,9.704005229,10.54684118,0
S56,7.135204066,3.748243432,5.042612549,-1.960467053,5.932510573,16.89277875,17.93960839,17.65543688,6.93566289,6.971570568,7.277518549,12.02070724,13.63210306,8.239964148,0
S57,6.506871239,2.643640024,5.165751621,9.055106016,11.01640359,14.32911592,14.40502704,12.30614676,6.67567961,8.829422738,9.047813716,8.63901348,8.561123385,7.224699104,0
S58,6.163197896,4.473177211,3.55797321,4.240052346,5.181766519,21.91993963,20.73500714,15.1950747,6.733679231,6.291921365,8.594420236,10.57518655,11.94616337,9.02991478,0
S59,6.30341106,5.380345357,4.81413195,2.291082458,8.567737502,30.26023026,13.70686485,11.37059393,7.762125891,7.695214448,8.070603462,10.55076491,8.393807164,8.521105948,0
S60,6.164959332,5.449150531,5.536266267,4.682623841,7.710309562,12.18342119,6.409329203,6.634919115,5.941574646,4.945587074,6.161513789,7.797557031,7.8083772,9.065478062,0
S61,5.126017989,4.056394072,4.353882767,5.610504017,7.144708924,28.46048869,19.05097453,13.34712136,7.345155421,5.667028847,9.186817577,9.915799204,11.01819829,9.436207149,0
S62,6.11611877,2.076492178,4.610820482,1.837798507,7.529894133,17.96161481,17.60216054,8.811077229,6.371313764,3.610059804,8.124115987,7.462241686,6.767611327,7.997636335,0
S63,4.41948422,1.924826865,5.594138035,-2.347631178,7.728617197,27.70791494,9.835664216,15.50073938,7.243950715,7.761108552,6.20249849,10.06948538,6.056361049,8.212822314,0
S64,5.604541442,0.567549489,4.184922132,2.205388135,9.057183849,18.68322051,19.99622866,16.59875631,6.72202044,8.971680099,9.031018444,9.567249935,10.75125341,9.155500511,0
S65,6.804572193,2.878247042,4.846956001,2.226509796,6.576337321,15.56502753,13.61714544,12.18253737,6.88354682,7.041453133,6.710088579,8.916024594,7.661511168,7.491533925,0
S66,6.164731835,2.839455333,4.049448702,6.243337628,9.143242352,22.44935909,14.14167369,13.40198087,7.186861527,9.289145174,6.233984602,8.511710064,8.904295885,7.350357829,0
S67,6.028695246,7.125342363,4.501551186,6.109019096,10.06392283,27.70099404,18.21839466,9.029462108,6.698342855,6.486595021,7.002386468,8.049252111,8.846907967,7.668504092,0
S68,7.795910774,5.857443192,4.865938161,10.08194204,10.81685958,3.842629798,6.447514869,7.464289672,4.886034024,1.411361474,5.288787829,6.008961677,3.859485161,5.56114473,1
S69,6.354650895,6.83916962,4.331690721,8.009356932,7.720839827,28.3005633,16.65049815,6.328046274,7.079525256,8.138862906,8.604557075,10.29431007,10.66751918,7.806825194,0
S70,5.769040032,1.153846015,4.424479363,5.047047273,7.525908942,21.4901007,14.9107343,11.11781101,7.103092353,9.482792355,4.745314716,9.739424137,5.257061929,5.414030893,0
S71,6.606941875,5.826530354,4.278439964,3.471084549,8.97014146,25.81665077,12.83216611,9.99269509,7.100460414,8.953006545,6.126959436,7.731461517,7.374457881,8.464399461,0
S72,4.60282822,1.379405619,4.554188509,2.993956717,6.490343687,25.02305117,16.38987503,13.04170693,7.019019454,5.394135517,6.565737508,10.06598117,8.581778861,7.731847404,0
S73,5.691401107,5.340752888,4.435325202,4.828095609,7.673059428,29.93093303,15.7906855,13.51286603,7.834915067,8.065570013,7.126751965,10.12464189,9.809381601,10.41692849,0
S74,4.418919601,0.888431975,3.546117379,2.148850779,9.122392175,25.91715673,18.49082511,15.05255508,6.802656356,9.698340515,5.254732592,7.976641126,7.950390187,7.308178731,0
S75,5.81473516,3.005957271,5.311031829,2.616756495,7.278882357,20.33251964,13.57228904,13.46612633,7.408965836,8.673823476,7.122109933,9.485883314,9.04130504,7.249761562,0
S76,6.111122945,3.078910485,3.63138928,0.49744739,5.973002943,25.72467301,10.85272809,8.632319343,6.789638428,8.458087041,8.006838159,12.35343553,7.083041201,8.508847299,0
S77,5.992178973,3.233142104,4.543467308,3.973938665,6.198091929,17.99312892,18.00653255,11.91620604,7.148367414,6.24461719,7.606744245,10.27744649,5.741143479,9.833973021,0
S78,6.18562301,5.053016074,4.781040898,5.781099957,8.303286886,20.07327803,10.68004283,12.33430645,6.631616199,5.811916938,6.326132033,9.05482544,10.37580243,6.527584518,0
S79,5.367857161,2.117291278,4.828799957,7.190533256,9.014474294,19.65770588,13.35864491,12.81858184,7.093537017,9.845660943,6.043748537,7.987948072,5.244315338,6.198669372,0
S80,5.669191638,1.727058871,3.942779704,3.517634013,8.488495067,18.29446332,15.84877914,7.50784896,7.377341129,7.603169824,6.932062857,9.335338623,5.735936845,8.148131085,0
S81,6.761731771,4.769557361,4.759710501,6.944438744,7.077074952,19.45189023,14.05516618,8.625030359,6.385758377,6.875852112,7.642996254,10.79641463,7.180491441,6.874294484,0
S82,5.511466872,3.923775947,3.811778576,3.347215821,8.495766366,20.56523422,12.27690806,9.01294939,6.368669707,9.744875819,5.740572938,11.12297877,6.703340216,6.709649617,0
S83,7.474767136,8.092490811,5.206326146,10.80484644,8.754181967,28.51891901,10.25777765,7.753776186,7.371838499,8.900144338,6.416708087,7.917750652,9.790067527,6.939982697,0
S84,5.337973971,5.895050567,4.210665156,3.18541801,9.92430142,25.49447739,15.80714688,13.55873677,6.65335319,11.69852162,7.295842261,7.8357567,4.807001999,7.377988707,0
S85,5.441392536,4.559219037,4.768188803,2.148850779,9.683059456,21.51557615,21.33192326,14.09006242,6.831116028,8.127739954,7.015496544,8.83212686,8.048030137,7.232698041,0
S86,6.521188209,3.476881785,4.774961847,2.155871195,6.991634353,26.64700433,14.98355985,14.07876036,7.587351691,8.451739568,6.44765161,11.01728891,8.41451614,7.752385373,0
S87,7.561613562,5.224391286,5.153304188,12.50335168,9.69146945,15.89823828,12.18236534,7.841524573,6.423405027,6.768032903,7.472948943,11.46735627,11.35079944,9.518851796,0
S88,6.796065453,3.963676927,4.98967232,2.893690704,8.008900622,19.54517647,10.70876618,5.452658935,6.530304859,8.096303329,7.106179821,9.489469559,6.617250125,8.004722263,0
S89,6.395208261,5.140604866,5.358687164,5.569139915,9.709403393,25.8292807,18.77553306,12.05304631,7.012153504,6.505147754,7.067124234,8.032672654,11.43279028,7.209779459,0
S90,6.124219231,3.210669907,3.496130722,0.964405021,4.795684128,19.70465239,10.96741519,13.11785371,6.376854765,8.493302089,7.222017275,11.09689089,11.50257342,8.278240623,0
S91,5.572384638,3.028744229,4.69752533,1.503556892,7.219811224,15.00089448,16.24121015,12.955536,6.969831895,10.37011972,7.446250505,8.026667813,5.228258362,7.731847404,0
S92,5.688231575,1.325443339,4.017281405,4.831595246,8.354329179,24.09254409,12.79613529,9.818866453,6.684748977,8.119180368,7.185013553,7.609028165,6.983040254,9.155500511,0
S93,6.669613682,4.371672205,4.501551186,5.588313342,6.828055099,16.53307655,8.203685288,7.120906802,6.813998356,8.897488551,7.393997913,7.800324638,9.992166609,7.416737902,0
S94,7.713265502,4.588505703,4.642675681,8.338268412,8.303286886,9.272047386,10.07689751,10.26618028,6.223996498,8.705288929,6.174995493,8.185215321,6.581365612,7.657686693,0
S95,9.845411096,7.834710575,4.225464287,12.5994749,7.967837538,21.96191998,5.600112235,8.155029443,6.060318557,9.811753678,6.211432876,9.429834744,13.67054561,8.710564575,0
S96,8.864250732,9.749660902,3.60006081,8.437158627,10.14269905,33.82022984,9.346281105,8.99803722,7.780045663,9.678716897,7.988590494,11.40640429,12.06724645,9.161008041,0
S97,5.787587565,5.735027299,4.104456814,2.333749002,7.713876716,25.79740958,14.51207691,10.49085653,7.38754577,7.953061945,8.025268096,8.903942086,7.385798762,9.145108591,0
S98,6.10722972,5.028214631,4.538972845,5.047047273,7.172246051,19.58819872,10.46970741,9.973741884,6.580491648,9.014760182,7.247543699,8.82340941,7.242684706,7.437985315,0
S99,7.92942961,7.265780409,4.253642183,8.976314812,8.409160369,25.32075343,12.70793974,11.23684131,6.836101277,8.276583957,6.839915572,9.34779619,10.83548877,7.566084131,0
S100,4.338855202,1.379405619,3.493786666,1.154969807,4.661045793,21.78664828,10.95337757,15.58258909,6.672078563,8.341325822,5.988179309,10.57890189,6.923757791,9.407718575,0
S101,7.437975959,5.761445125,3.994048869,7.852064136,9.022994968,13.77092532,10.07689751,10.28847881,6.686797209,8.124023671,7.941926625,9.639038725,8.677398405,8.390971642,0
S102,4.807254214,-0.103749664,5.061957868,11.27301196,7.900181701,19.49447513,16.31129543,11.39160898,6.453240711,6.210883289,7.682979199,9.742533605,8.653172612,7.320750997,0
S103,5.709637213,3.279366024,4.251108052,2.230082833,8.974146538,16.51362334,15.34356744,10.09541183,6.651434362,7.345893343,7.852128003,8.662719723,7.582896756,9.021886126,0
S104,6.016911232,2.486630016,4.765608776,4.507572078,7.212769549,13.56302029,11.27292259,15.40358622,6.585088008,9.774125827,7.010642708,8.886199755,6.334202693,7.891215301,0
S105,6.858113975,3.11183296,5.471489658,4.69358394,8.226122123,-14.12253825,4.871781785,7.078055821,4.762695122,1.131844777,4.934821879,7.231564419,4.497136383,6.292302034,1
S106,9.161607339,9.123014961,5.399803277,21.34118581,9.54579409,-1.426229208,6.796692296,3.399223969,6.684007349,3.0204991,5.066162668,4.990101234,4.142491498,5.659956026,1
S107,7.688707646,4.560202065,4.228741521,5.084448563,8.626985642,21.05580285,14.73876081,10.85627917,6.10342341,7.843059839,7.446250505,10.81039866,11.13868663,8.531180837,0
S108,7.068887509,4.263741537,5.176757195,10.96431274,8.207492231,21.41919898,9.75794426,10.57548618,6.518604184,7.895926803,7.968788823,10.74993233,9.673437348,10.04175536,0
S109,6.281285053,5.640100488,5.063247992,4.814006421,8.631147485,17.28971487,16.75681862,12.0650964,6.830705927,7.331215324,7.134059537,11.98006705,13.16749801,8.489054021,0
S110,6.903338412,3.449385965,3.811041193,8.761198141,8.315216372,22.89755192,16.41600777,9.330846377,7.389972169,6.138588738,7.251156554,8.245386019,9.561172898,8.913734815,0
S111,4.534897271,1.799437066,3.19959141,3.664317587,7.265513363,23.03330516,9.951500118,14.21997014,7.663269245,8.285000292,5.986062714,9.841805085,7.41165154,9.654268471,0
S112,6.937906457,3.914114673,4.133431039,4.966967275,7.199424418,13.58183678,14.05516618,9.218220576,6.092471449,9.184147597,8.025268096,8.173512994,7.288159815,8.713187423,0
S113,6.769200001,5.611271068,5.276427794,6.301458692,9.696078329,5.184421825,10.48262582,4.975312738,5.520215318,4.555945865,6.429359154,10.24667351,7.530585388,9.384843191,0
S114,6.215194755,2.516449735,3.682248953,0.500820736,9.057183849,20.7411465,9.603553048,12.661882,6.371688014,8.809030807,7.768909529,11.52441698,9.686099451,8.588364224,0
S115,4.624785844,3.93995408,3.554278396,1.855590004,7.941886115,24.46958321,10.24504394,10.79347566,6.9427596,10.19924527,6.002379489,11.9030501,7.927099484,8.193427159,0
S116,5.92232698,4.738759429,3.496347077,-1.547694997,8.518583419,29.3073137,10.85966469,11.15444453,7.212211888,6.514919604,6.163860187,11.69663907,8.227309366,8.932383409,0
S117,8.773396828,12.40883523,5.053011855,21.41743654,10.32435394,12.58084715,4.024091128,1.70265243,5.278768519,2.653352852,5.015687103,6.006590843,5.633032265,6.472000307,1
S118,8.792562292,8.066093314,5.628775204,16.60601446,9.523170151,6.916538137,5.183090949,1.554646336,5.397671172,7.438588238,6.140422719,8.418588544,7.257793172,6.69463228,1
S119,8.064480421,8.998462733,6.149928012,16.22521304,12.02089919,3.52960307,7.28073726,4.913626695,5.691077775,6.671440272,5.73280976,9.388449041,8.41451614,6.509446067,1
S120,7.987413552,7.771244339,6.003430299,8.52342117,10.53078795,0.342823216,3.121837892,7.293748306,5.883573077,4.022657031,4.626967649,6.830015744,5.093841526,6.597340358,1
S121,8.39530195,7.463414683,5.499869815,12.44862057,9.882805336,-1.495381487,3.062157054,5.031471047,5.269915491,4.915863635,6.058611387,7.118882397,6.096976628,6.623628585,1
S122,6.870191866,6.940917053,5.623696619,13.27331978,9.887418769,10.31860404,6.933103578,7.482922047,6.007625524,5.482623405,5.860439403,6.604973161,3.504593137,5.667113865,1
S123,6.197283478,6.917090355,5.297210202,7.158197795,10.46569428,-5.012941687,6.258797798,4.488166613,5.074662416,6.166634999,6.700996239,6.743370174,5.71445353,5.7367789,1
S124,8.540126371,8.986503937,6.071092064,16.25142069,11.20395956,-5.808571307,4.839600834,2.324451807,5.623678512,10.67786291,6.182714664,7.759667374,8.372778532,6.491486596,1
S125,8.175091519,5.771574799,5.712927006,8.70399797,10.1850985,-1.752619574,7.110808503,5.788198333,4.96492748,4.061381168,5.416341695,9.221571887,8.118985317,5.56114473,1
S126,7.992240701,7.418634446,5.707659956,13.04460368,9.410856124,4.731485238,3.539478574,2.344649332,6.220005794,7.663320398,6.093866465,8.15327989,4.889772947,6.621951751,1
S127,8.234874067,9.417730675,4.537951982,20.08687971,9.496896294,12.35261566,2.079866669,0.695764359,6.063155409,1.737607321,4.488873927,6.632286695,6.059003136,6.280586991,1
S128,8.047746352,7.800682287,6.5199488,12.82412803,10.87316875,2.26046559,3.675977055,5.595686101,5.681323068,4.511639189,6.404420745,7.511052513,6.728264033,7.106251215,1
S129,8.457544214,6.569690798,5.410498064,11.18985946,11.027161,-4.645871485,7.322108428,8.134390589,6.146796563,5.131648419,5.277354697,7.130033624,4.757148638,5.82301246,1
S130,8.666220939,8.826464957,5.560550091,14.87595933,12.8935848,16.02860524,11.91761262,13.06245997,6.419894464,5.323509205,4.288327562,3.846790455,6.93216203,5.130922584,1
S131,8.407061307,5.503061125,5.913583938,13.63854366,10.2090382,-5.787785879,6.192629328,4.220699311,5.814179466,5.912101649,5.363789291,7.140203275,6.205666992,5.408880255,1
S132,8.959878567,8.586660957,5.427125907,17.5752505,8.530235726,0.082298088,7.013278049,1.496624495,4.914856824,3.924476259,4.838553306,7.923405029,5.845105543,5.974002485,1
S133,8.309836573,6.5805309,5.923845592,13.25902428,9.388189228,3.882426344,5.805724123,5.345285505,6.268003246,3.359511797,5.202214296,7.195156756,3.859485161,5.412384,1
S134,7.780389222,5.424909839,5.876366606,12.36067519,9.772484595,-8.097563179,4.521697369,3.427853617,5.529203135,6.115728003,5.875772014,7.751081101,3.708601347,5.724056206,1
S135,8.434412978,9.929060794,5.062491327,13.55353934,10.31986747,20.48088943,4.770754581,0.050114952,5.793504771,4.276949304,5.078503541,4.682049002,6.524547467,6.177848082,1
S136,8.068114576,7.548006114,5.80074427,12.85167802,10.39722174,-4.162828308,5.086546235,7.40713898,5.425585347,4.693717631,5.104588957,7.197822856,6.252251625,6.638973792,1
S137,9.185029511,10.18505098,4.92933089,19.21898121,9.291174871,3.827647484,-1.425657956,-1.398994323,5.79044422,0.74573899,4.461269369,6.531395056,8.396599898,7.07274803,1
S138,8.153848913,6.650057006,5.479490753,10.84420104,10.3535212,-10.11723924,8.710025058,1.257755983,5.311680105,5.125608401,5.010442094,6.969839491,4.381107646,6.087806856,1
S139,9.417693177,10.35707047,5.485857643,18.41447826,11.32725334,0.347859191,4.232615758,0.904056384,5.956413991,3.778305076,5.38895677,5.759396734,7.414319675,5.645665023,1
S140,9.110698489,11.42208857,4.749444859,21.19002389,9.732894125,11.29088734,0.960170546,-2.195213805,6.247436198,3.499482513,4.765792706,6.807101378,8.110502102,8.581051916,1
S141,9.510714443,13.35054814,4.648041471,19.41858273,8.821328631,17.61831141,1.688283637,-0.244602794,6.174004274,2.628881839,3.920372137,5.917575362,9.136029564,7.35692606,1
S142,8.769717702,8.896722352,5.289544363,11.39759817,9.989458782,4.375057077,4.258658887,-3.896512801,5.94488919,0.620432316,4.626967649,6.830015744,6.954657688,7.572364103,1
S143,7.969993376,6.890694747,4.390138397,10.57902813,10.24209845,0.119887939,7.086717418,2.882178357,5.807456954,3.274633036,5.970648233,6.299547508,6.993837516,7.062385079,1
S144,8.678503704,7.863212914,5.534309029,12.49883621,8.903826598,-8.302013673,5.421216457,0.168184526,4.978004157,4.400830954,5.630658339,8.355098756,7.069501243,6.888340173,1
S145,8.427836141,8.925312503,5.494871569,14.48747243,10.13322492,-1.211611553,5.215011364,6.006940129,5.80614462,2.793329431,6.903306523,5.863139866,5.433767419,7.695643124,1
S146,8.30749049,8.021657498,5.230833089,13.87044932,9.199429904,-5.155952654,5.274974785,2.983495239,5.669202773,3.208615944,7.173838658,8.439189535,5.782095586,7.201399357,1
S147,8.034000158,6.5805309,5.441777343,3.377131828,8.631147485,-0.345473077,6.071907746,4.717135053,5.563241338,3.406956685,6.344258627,7.347691311,3.583233426,5.419122557,1
S148,7.893704142,8.269218195,4.535118458,10.63054918,7.389106972,3.197130706,-0.830841846,6.735605543,5.023482644,2.395986241,4.640817927,5.591271361,5.611608994,7.205503055,1
S149,7.602994143,6.975926184,5.426846021,4.096250309,8.908331154,-9.236396977,6.197838716,5.04969186,4.494647371,3.386360327,5.882392111,5.915413469,4.921664823,7.849284692,1
S150,6.585765443,3.43323656,4.332434493,7.198301693,5.932510573,14.79136286,12.68560647,7.107064269,6.478172443,5.550671604,7.627742387,9.482831836,5.953286029,7.863485013,0
S151,8.741971126,5.079524986,4.37034002,9.387395613,7.803056495,19.88996091,15.97912355,12.85221688,6.585497921,9.818370086,7.78074275,10.0199735,10.38216616,9.137461839,0
S152,6.539545694,4.523969936,6.019111136,6.435526786,9.625390717,13.99022209,10.89155734,7.558105796,5.743522764,2.979926472,6.966790318,7.213790327,6.885692944,7.68196383,1
S153,8.434929917,7.294013009,5.623390986,14.40052629,9.035547143,-0.505612347,10.58386319,6.607418762,5.936742899,2.087764344,6.88411733,7.95989066,5.450030983,7.258351985,1
S154,6.186065611,4.730293032,3.716438451,2.152359397,6.628152227,23.33214575,18.179887,12.32802074,7.672553643,5.506930621,7.336481862,8.293882522,9.755723002,9.98975567,0
S155,5.075542604,2.627591589,4.549380779,-1.929981847,8.109334832,19.01230293,15.75513949,6.188429066,7.070072051,5.330776109,5.660882644,8.63901348,6.985836679,6.044249212,0
S156,6.998912866,4.633226529,3.733416419,5.630333795,5.577291119,26.27473887,17.64839625,15.03430662,6.689567415,7.161142563,8.470137205,8.282724209,11.05953183,7.731847404,0
S157,6.245312102,1.753813149,4.326231335,4.376651394,6.918361483,27.37672534,21.10445009,14.92181737,6.794533,7.945601231,6.637836193,9.642620574,10.97792899,8.967532009,0
S158,5.316576589,3.214166981,3.91921122,1.123130859,8.214504373,37.85540999,10.29232357,13.86524506,7.716718572,5.744566175,6.011338399,7.252729032,8.035537015,7.973690103,0
S159,5.776445358,3.609076764,4.153167608,3.996777726,8.546902417,19.92650544,14.08566313,10.61264306,6.586648192,9.062570902,8.089575112,7.971070109,8.059161489,7.895935901,0
S160,6.797320972,6.538758032,4.893628831,6.690331655,9.317553133,10.73982503,9.2241311,8.917063219,6.087900851,3.73275787,6.531964945,9.215641773,6.004668886,8.523646145,0
S161,6.71440784,6.227716319,4.847209996,6.831643853,9.966255155,14.02528527,13.27395165,6.279371113,6.944034076,8.175900984,6.843317523,8.245386019,5.391596715,7.947615372,0
S162,7.860794734,4.993369429,5.285835637,8.781755266,7.971468752,10.43674938,10.48870093,6.374782045,5.409267811,5.457082506,6.321507896,8.261935872,9.561172898,8.119591496,0
S163,4.92501309,4.791054557,3.556086284,2.651852388,9.581072142,21.75907337,11.53806231,11.00703614,6.885200116,9.235202878,6.830787873,12.33646958,7.580018813,9.697855006,0
S164,7.623050622,7.622322788,5.222370687,9.272504397,9.105159848,14.49497119,14.98355985,9.710795959,5.913059547,6.203700214,6.573832348,10.44259319,13.04253123,7.546409911,0
S165,4.769041975,0.07221039,3.630441115,1.070375144,6.513291855,22.28120678,14.7551625,8.601341459,7.485182258,4.800645128,4.980299218,8.202349596,4.409346854,6.206164211,0
S166,6.070339928,4.680722315,4.744989018,5.553723557,9.084002054,26.52154044,17.34063715,9.729911435,6.577058136,6.607545184,7.038484143,8.259108428,6.399736677,7.448679835,0
S167,6.05053983,1.715734432,4.411308823,4.163048447,8.64762761,23.93701072,15.20820747,8.376737575,7.288619867,6.54560207,5.982729294,9.616377061,7.317014597,8.222428733,0
S168,6.426608538,3.853576909,4.308511553,6.612126885,8.957049635,16.18202237,13.01863929,11.89486712,6.27807283,6.048801366,6.881845817,9.502424531,9.216451507,8.856996197,0
S169,6.22132033,4.752674616,4.234483923,8.486508501,6.88133763,16.58629137,8.209994174,9.324600862,5.509409926,4.94425375,6.13028625,9.212713893,7.325494134,9.450377806,0
S170,7.49797676,5.488638158,4.507685592,14.1355942,8.97014146,18.95002552,9.409387266,3.592233509,7.219799894,6.612419013,6.936779688,11.57401431,11.08726452,8.188633555,0
S171,8.766008544,7.633365935,6.083924846,17.16004156,10.47539196,-5.977059602,4.333178371,2.058394318,5.431916317,7.421378737,5.449405928,6.479449283,8.444004238,6.958395746,0
S172,6.2412707,6.037211091,4.968496082,5.996699776,6.828055099,21.68416443,14.64187151,8.999752761,7.372685607,6.479465922,6.724603658,10.14490268,9.644926796,9.140090365,0
S173,8.463141209,5.635598003,5.408313943,12.20464905,7.699551502,8.571770584,7.984931299,1.960936858,6.446899812,3.28043125,6.248559952,5.666132774,6.347677529,7.085139676,0
S174,5.88531173,5.827519587,3.518695005,0.470226293,7.446199746,30.31440006,15.63921113,15.81193225,7.244892974,6.336005599,6.201292955,9.570566642,14.20839261,9.272149198,0
S175,6.279929179,3.841963128,4.38492773,9.029733283,7.165168361,14.10526486,12.82471257,6.748202841,7.326407892,7.604403842,8.164944665,10.80364204,6.105420474,10.12116611,0
S176,5.466143165,3.337252646,3.986915784,5.443207717,9.048350564,21.41919898,13.82969022,9.638902653,7.103092353,5.820268845,7.083460075,7.985161274,7.39733231,7.639762857,0
S177,6.579406057,3.321909884,5.531737674,4.962743587,9.06174059,18.34081906,15.05958572,7.556495019,6.685571975,9.797309115,6.812887066,9.042192507,7.291138221,7.060120723,0
S178,6.109595304,4.390291521,4.88208633,10.22237212,9.741703027,22.52775812,14.77053612,12.38749723,6.865861166,6.87465294,7.640499904,8.125119474,7.958948143,7.563919315,0
S179,7.129672736,4.340439461,5.373043645,6.52286336,8.499487377,11.79565936,15.96222669,10.20491319,5.820115003,7.92057941,7.301916722,10.2572725,12.5087826,8.548701261,0
S180,8.121995281,4.003826213,4.752841086,11.40640062,6.747960182,12.71250715,8.132143971,6.422829845,6.180832113,8.323953563,7.540456366,8.835080977,7.208297209,7.90046947,0
S181,7.112005263,7.8389053,5.116585634,13.19903847,9.039844977,8.597185805,4.207371024,1.984838541,5.649864611,4.362612304,6.380280768,7.518685186,3.995285716,7.114763181,1
S182,7.526469577,12.69338876,4.491084212,20.53484928,10.86790344,17.21595163,-1.048980437,-1.397373783,6.864627348,3.919622165,5.606144702,6.521512584,5.759956637,8.172289935,1
S183,8.559828248,9.135117813,5.408313943,14.16820242,11.81167373,-3.535541898,4.489021787,6.56230392,5.826985333,6.613511096,6.505781312,8.969529094,4.531281012,6.403891206,1
S184,7.279884822,6.581528961,5.805684736,8.494544235,10.09565146,-9.933970784,0.836580143,1.277452903,5.538440441,6.140863956,5.058019468,8.070664365,4.778265185,6.48167317,1
S185,7.889291165,8.403915988,5.200752924,5.777309485,10.87823459,3.753526488,4.759633593,3.68561907,6.463110887,5.046027399,5.034678335,8.293882522,8.280191656,5.784227974,1
S186,8.360292659,7.63442875,5.6407188,13.09413103,10.49005354,2.604922715,1.112574399,3.762244002,6.09706934,5.074997292,5.674560875,5.721872706,5.351998363,6.290499657,1
S187,7.186394233,6.938918216,5.47699382,11.41071985,9.750135364,0.327362508,4.632496866,4.016256789,5.683038328,2.823329608,5.573494219,7.631299597,4.696565556,6.919469981,1
S188,8.489572874,8.762747449,5.636044539,17.42644568,9.433466256,4.431833135,4.537509868,3.496303142,6.319127693,5.09166771,5.099278806,9.146825215,8.476678973,6.349327943,1
S189,8.773396828,9.017051497,5.499297261,12.26907576,10.34369447,0.105478358,6.442082504,-0.290803464,5.855650331,2.183795657,4.556634499,7.440040941,3.168265208,7.327257063,1
S190,8.831051272,9.714175707,5.305436134,14.51715223,9.625390717,0.845775152,1.514886925,0.878228646,5.529541164,4.88899375,5.140817511,7.189743415,5.70661406,6.995561928,1
S191,8.26236768,8.05782842,5.384621482,13.40711024,9.238723733,-0.489248199,6.140475132,2.597241545,5.60621189,6.530974608,6.071849053,7.976641126,3.548842398,5.85537775,1
S192,9.126973185,9.022467017,5.502979905,19.4789382,9.005405582,-3.649014107,8.216131181,2.333653028,6.009802439,3.023836355,5.782027013,8.179489894,7.16073718,5.649308809,1
S193,7.752916696,8.907636984,5.531994492,13.48756577,9.966255155,-2.150871028,7.913458375,-1.593718849,5.592330729,3.042499068,4.931741798,6.794301994,4.819725989,5.75979089,1
S194,8.062474857,7.304467863,5.244732235,15.95264865,10.62523128,-0.960680887,12.3710031,4.155579375,5.85667101,2.771370758,6.749208991,7.025037663,3.666866741,6.411547418,1
S195,8.253398475,7.175841265,5.744226753,16.45935818,9.845652517,2.137847841,7.972920725,6.793290652,4.976834245,6.780393664,5.272494382,8.190850571,4.005756264,6.238112673,1
S196,6.864588184,7.662470914,4.760710493,8.61333969,8.295741558,19.93855003,12.08127214,11.28165181,6.507845829,4.995572868,6.527457515,8.791140263,10.16158525,5.148043922,1
S197,5.344094247,1.806403984,3.887753962,4.891684563,9.71894722,18.1991373,20.32388361,13.19448849,6.913857949,6.319291172,8.109190511,9.515474312,10.5245993,9.416345219,0
S198,8.378177598,6.215539594,5.117422532,11.11062254,8.733136568,2.087801762,7.825595613,5.242544813,6.014720847,2.73182167,6.368986645,8.179489894,3.197735499,6.384133203,1
S199,5.765980267,4.970867837,4.421625236,3.253449238,8.315216372,14.15317502,18.69701229,7.364586385,6.806680957,10.15290698,7.668846345,9.725849705,10.51771594,9.008922696,0
S200,5.983323914,2.33159986,5.038291705,5.404608649,9.71894722,16.64082874,17.84134475,12.08284201,6.58126918,9.416362603,7.888468699,9.521690363,11.15593788,8.692629063,0
S201,5.560416577,1.421202739,4.37920411,0.614825143,5.07264071,15.58865628,19.71035125,12.85919889,6.456265561,7.818959492,6.868991908,8.82340941,7.679065714,7.933269136,0
S202,4.743311475,2.365544174,3.628993432,0.44261009,6.198091929,13.68015257,19.27470588,14.88024902,6.097745988,5.736436875,7.179991392,6.516575793,9.736084159,8.175007427,0
S203,5.789752695,3.827627554,3.809636816,0.718388655,6.815448872,21.54610767,14.68954575,12.07979618,6.701180215,6.651679134,6.716853179,9.326065539,7.935925576,8.310139297,0
S204,7.383523749,3.776211804,3.877601336,0.846319212,5.194985181,25.07118974,18.7074311,16.50360395,6.562655289,8.191706955,7.070456543,10.487751,11.1321694,8.900458827,0
S205,7.757007296,8.105290185,6.068335769,11.98938846,10.30933184,-7.972519185,8.94839156,5.35816602,5.909814468,1.66966832,5.532595726,5.11613818,2.958407239,5.449681024,1
S206,7.788549876,6.466312077,5.621950522,7.590735556,9.009646209,-2.394542784,3.680572077,3.237505322,5.641470832,3.529992438,4.760911627,6.561130221,2.264075396,6.042512759,1
S207,7.30455608,10.97159504,3.404057741,24.58622504,11.85185275,16.86336763,-5.013852919,3.934532391,6.427971422,2.335905626,8.036156694,6.409754373,5.143360822,10.88571536,1
S208,7.56993307,5.74716834,5.360911842,14.60237173,10.8883049,-6.676558262,7.949310922,4.960763558,5.214436088,2.308317667,5.187024923,5.913200082,2.441695626,5.65297955,1
S209,7.94508549,6.750368805,5.519855519,11.52409693,9.704972854,-1.713451883,7.046167627,2.152171313,5.691803855,5.272711626,5.865763722,7.701671473,5.996381195,6.880482414,1
S210,7.800109716,5.059249927,3.944443631,8.494544235,5.569164468,11.8910873,12.51708578,10.10900095,6.020675861,6.65284338,7.497675301,9.319551275,10.27496335,7.670762981,0
S211,7.674270589,6.550347989,5.491119331,11.22497985,9.225296054,-4.481384432,7.48040931,4.904359428,5.500904749,1.632230382,5.739534614,7.653843029,6.325838585,6.831626819,1
S212,8.217103756,8.837233091,5.361723637,13.52423744,11.73087002,13.16290349,8.94839156,11.47924769,6.009080268,6.881846306,4.721262408,5.517546879,7.6001777,5.995763918,1
S213,7.188865711,9.087252025,5.656458073,12.35656811,10.03143991,4.81350214,7.322108428,4.310117679,6.139359299,5.542136419,6.312322739,10.68882035,8.950056144,6.958395746,1
S214,7.352909802,6.762933157,5.303177374,9.730387057,11.34975125,-1.297817295,4.849863652,3.451097787,5.073470244,2.443084313,5.033679279,6.699225278,3.286720976,6.48167317,1
S215,7.984244303,6.814336661,5.541136042,13.69362659,10.7032388,-13.85679272,4.002819759,4.626115658,4.934859672,0.11909242,5.66297146,6.734999267,5.104412506,8.375723151,1
S216,5.842367197,5.389507948,4.540446712,9.063441093,8.899696385,23.92133611,13.65511484,11.23141213,7.218947101,5.451179652,8.471574346,10.02622765,8.852634864,8.184267699,0
S217,8.01854544,7.303398654,6.071695737,12.65958277,9.247819903,5.506798202,5.638531728,1.582519993,5.904097403,1.305844983,5.380501838,5.148658501,2.970741805,7.123244198,1
S218,8.319030191,8.531562551,5.126876414,10.90075809,9.009646209,-1.203211495,4.411964425,4.248744172,5.700859409,3.372135916,5.629460668,8.179489894,5.257061929,8.432378724,1
S219,8.670809912,9.00710353,5.673012205,15.97920981,8.241488881,-6.300397151,5.317511839,3.182791114,5.628100806,2.801446696,6.359951276,7.393828837,7.79654398,7.260388645,1
S220,7.84265685,9.232891597,5.014076711,12.29295778,10.03594284,-8.196737837,3.519144003,2.935832349,5.256686658,4.175711075,5.79703926,8.471548188,7.888748742,8.063640801,1
S221,7.777869661,6.245357138,5.749280928,9.987008749,10.64534708,-9.775641394,5.860867078,4.432706284,4.533437353,3.092465415,5.478122245,8.81433932,5.668246662,7.123244198,1
S222,8.233495359,10.05005975,5.31999319,19.62736901,8.853311334,4.617697228,5.307157923,1.342930982,5.911996478,2.23723966,6.998895308,8.032672654,5.357127665,7.114763181,1
S223,8.20292645,7.001159273,5.632189263,11.15907505,8.791720483,-5.231712443,3.894156938,8.115501967,4.907126308,4.644585439,5.147904038,6.120576811,6.545250618,4.81603078,1
S224,8.73784413,6.860125775,5.669813038,12.95227304,8.32690187,-6.225075275,7.157677083,6.935668085,5.808796097,4.169927597,5.037712402,5.57761729,5.336480186,6.123866572,1
S225,8.680171788,9.191545236,5.884982728,14.42452673,8.164311531,-4.455214002,3.230696515,1.514823471,6.099161684,4.249198474,5.38895677,6.015969564,5.219765329,5.938460951,1
S226,9.253406237,8.179424927,5.934884493,19.64556091,11.55897634,-6.173145099,3.368303605,1.849890243,5.784921258,2.110729219,5.915938196,6.776673673,6.238436844,8.339390655,1
S227,8.322312378,7.352572625,6.111796119,9.808720611,9.47901531,-4.300740422,3.468761749,1.990916498,4.799718448,2.400615547,5.161025525,7.279727028,4.107070817,4.881959478,1
S228,8.409953885,4.493032876,5.4576303,4.888228201,8.445472552,-7.405246923,5.93156974,4.773237165,5.358690921,3.187357129,4.788728677,5.955687084,4.080088887,5.927392379,1
S229,7.41922293,5.885540062,5.926452568,7.305399258,8.401025103,-7.033616883,6.704437248,5.365479169,5.380038682,3.725679106,5.977274146,6.612580684,4.219411855,5.555665312,1
S230,7.316004645,11.78448199,3.939236339,20.61366185,8.845117408,11.24824738,0.774533018,2.123607364,5.078275936,1.688047343,6.687898584,4.65659252,4.104751985,8.69005412,1
S231,7.578035866,5.474718718,5.226457588,4.705031657,9.018657733,-2.081870181,6.055337491,4.373190955,5.280019028,2.287325174,5.954499156,5.645395101,8.88878614,7.697820552,1
S232,8.944508095,7.186232695,5.575409368,9.355156785,6.935303412,-8.890822274,4.915969455,3.910414603,5.103819859,2.577700577,5.64577994,7.328497271,5.075473408,7.954701618,1
S233,8.820855419,7.98635875,5.468929316,10.65271395,10.57048775,-9.626991191,4.510908043,2.505367121,4.90742427,4.880468287,5.250795647,7.58411978,6.121944336,5.740188229,1
S234,8.290789417,8.290905826,5.979911796,12.25100402,9.541238146,-13.6988487,7.40395071,3.295882739,5.537138221,2.911253433,6.013522279,6.323655355,5.958653905,7.041189226,1
S235,9.405353559,8.704378655,5.324562528,13.98733326,9.523170151,2.709009039,0.064086048,2.914252723,5.793504771,3.525139246,5.435946798,5.666132774,4.618925169,8.009582512,1
S236,8.630127973,6.965034976,5.599752373,11.83251002,11.65992855,-2.895510666,7.062650696,4.482308809,6.073511409,2.485321757,5.139790033,5.59853525,5.956070609,6.942096392,1
S237,7.050793936,6.108536778,5.420230118,9.140378705,9.410856124,0.536496378,5.177961423,6.888739847,5.341514444,1.70755064,6.787509958,8.996326008,6.658964435,8.638939574,1
S238,6.899353014,5.651583521,5.649481075,9.046701607,7.410104723,-9.443221834,5.30132876,4.146907523,4.848480728,4.336714203,5.287726937,8.557515138,4.298564665,6.737330313,1
S239,6.771964555,7.223666857,5.650607409,7.258044774,9.052663721,-9.509632103,3.675977055,4.67742014,4.877264889,1.073493568,5.551058904,7.247625407,3.745394161,5.918318725,1
S240,8.211191665,13.59795662,4.420597596,18.25570752,8.741859316,12.5708642,3.004442035,6.000152625,6.452100421,3.186228769,6.977650095,5.593723767,4.673233086,10.01385687,1
S241,7.742234631,7.426067253,6.142110944,14.02040636,9.164805546,-8.38026913,9.53048499,7.230181334,4.865395303,4.484532154,5.194055249,6.821894453,6.880086955,7.339718017,1
S242,8.690025734,7.335905765,5.858465474,11.11493607,8.974146538,-8.235406422,6.027372977,6.577115489,5.621630039,2.841524887,5.739534614,7.054207226,5.638530256,7.506729506,1
S243,8.36264377,6.41031963,5.284275422,11.97637376,7.938214077,-6.410252838,7.152048302,4.950403298,5.233929593,4.627832589,5.851401678,6.306991489,4.1827274,4.276255033,1
S244,7.727517029,8.174212461,5.572851416,8.923885595,9.247819903,-9.396492971,6.368398932,4.380114586,4.952944194,2.941954446,6.244028091,6.15675849,9.151670201,6.072281466,1
S245,9.208355476,7.474956411,5.707925306,18.08401899,10.25185459,-5.180033861,-2.106094308,3.761153461,5.841448567,3.049445297,5.430720306,7.816659077,5.950504139,7.12107675,1
S246,8.647443248,6.015532889,6.13457213,13.67123245,10.04978416,-3.720337188,4.680010551,2.009437657,6.158174799,2.999215795,5.789552665,7.691190462,5.012727895,7.43575715,1
S247,9.41062271,8.904321893,5.324562528,12.08541057,9.827559469,8.277075952,1.827432701,4.059725457,6.303477748,3.792140445,5.843972188,5.531028656,2.997019227,6.176271648,1
S248,8.667884115,8.173094256,5.510939176,16.41151802,10.38696461,1.796847342,7.256774033,6.805673642,6.173257131,3.645312752,6.029720402,6.651795781,6.772811748,6.880482414,1
S249,8.450848925,7.722557313,5.322680302,13.61916239,7.435635278,-1.980589132,3.519144003,1.859528568,5.36824205,5.550671604,5.538174052,6.699225278,3.279395079,6.204144019,1
S250,8.139823741,5.957842534,5.238270797,7.121989901,9.54579409,1.418009945,8.703871208,3.316925898,5.977577233,3.328383007,6.614667629,6.676848208,3.15137054,6.376540863,1
S251,9.175335353,8.077428342,5.966565649,12.87882076,10.19964966,-3.436669217,2.999510046,3.90087391,6.982077541,5.153526506,6.874975671,8.267804322,7.814132434,7.985455269,1
S252,7.704520169,7.991647533,5.451828124,11.16331858,11.50110368,1.424747815,5.108225076,5.814426349,5.748561944,3.079940991,6.675154442,6.57934812,6.428382944,7.099903515,1
S253,9.208355476,11.40038258,5.236382818,16.15743705,9.388189228,6.653945966,1.854677433,1.07737532,5.483219814,3.409334391,6.428227834,7.778315161,6.742561383,7.779349234,1
S254,6.783490129,7.07413871,5.372200585,8.741603718,8.837399213,-3.386666748,7.180868645,5.882158314,5.4680847,1.28925101,5.24372304,7.266398523,5.969472457,6.668526534,1
S255,8.209913272,9.479628371,4.716419999,9.867575165,10.76985523,-8.414476321,6.374584182,0.458911291,5.445216488,-0.208990188,5.582057721,6.584460024,5.364967435,7.361220555,1
S256,7.693175452,5.615172183,5.295327562,8.084641988,7.467233621,-4.256696582,5.976480853,4.002706888,5.33321654,0.954599512,5.84920427,7.467590203,5.172370998,6.807577077,1
S257,9.501531384,7.829634089,5.946864762,15.15382099,11.44324942,-1.756048733,2.647065893,2.628981216,6.025234592,4.404307033,6.144768274,8.147672068,3.31354059,5.018998767,1
S258,7.827424509,6.561196126,4.814357136,10.4485314,10.97829108,18.35790634,6.089360502,5.465067057,6.751327228,4.387624085,5.601898212,6.260300743,4.285441171,7.444485148,1
S259,8.894587417,8.178426261,5.609119041,8.096680801,9.709403393,-8.308158557,2.872986025,2.758607148,5.105585925,-0.012141292,4.533821967,5.986946093,6.748374946,7.633116274,1
S260,8.1768646,6.716841372,5.851031286,12.09383971,9.317553133,-2.671247694,6.859787155,5.239956836,5.872592121,1.955044008,5.316155624,7.41310573,4.683864913,6.390256645,1
S261,7.901111022,6.575723357,5.214014566,10.86516949,9.256555302,15.18966508,7.907434227,8.067448756,6.209001927,4.815130182,4.930738045,6.020901994,7.964867059,6.644927144,1
S262,9.605622999,9.00710353,5.891621652,18.08930294,9.836792202,-3.0918255,2.833776463,2.902833093,5.203346774,2.955643578,6.052707456,7.155886717,5.122961936,7.087153765,1
S263,9.377780226,4.552761448,5.717863895,15.17832212,9.260909574,3.27570793,7.368151108,-2.178880896,5.804426884,4.536871572,7.053002742,7.628373777,6.832707021,8.23499314,1
S264,7.753970644,4.931351722,6.293836529,10.05257947,8.484554511,-9.092887266,8.002533605,6.503718993,5.58428054,2.518359248,4.393659282,6.871449637,6.661672246,4.064135771,1
S265,7.241671943,6.774796209,5.983001715,13.74106613,9.531850793,-11.4936639,5.231183015,2.462245389,4.993718638,3.612247273,5.837147427,8.951548372,4.971508312,5.866403246,1
S266,8.862380818,9.197191128,5.060695338,11.60424181,9.109632103,-8.364866936,5.431806337,5.082737609,4.702705882,3.071712221,4.765792706,6.037290213,2.27618685,6.26506669,1
S267,8.360292659,8.924223661,5.969560622,10.80484644,9.433466256,-9.469899572,0.639645347,1.32098808,5.386414099,1.694699607,5.646871438,8.285539394,5.574612965,7.12933758,1
S268,7.103093055,6.20614973,5.75047766,8.189704624,7.325825007,-6.522096644,8.911086843,2.152171313,5.012571508,0.817594858,5.690784978,6.404888893,5.569068863,7.097867979,1
S269,8.694029005,7.274753968,6.088220701,18.33593706,9.151778325,-6.000069139,6.158202765,3.708041112,5.139834306,3.457569143,6.014662324,5.405826134,5.264884094,6.074213444,1
S270,9.941813319,8.471735455,5.839344972,12.06364584,8.82530483,8.559363933,9.236989491,6.105176729,6.084987401,7.23724307,6.173785937,9.892178878,9.865407933,7.329327808,1
S271,7.863306392,6.401370143,5.375252499,9.961732155,7.189315055,-3.908849384,7.030079855,4.730983335,5.545844771,3.271171205,4.864778598,5.410526562,3.432163588,6.255239028,1
S272,7.004434743,7.525464766,4.589186539,8.345977776,9.873280493,-4.553383437,6.98546832,4.080763201,4.986809148,-1.058332626,6.853794973,6.592210931,6.79741117,8.849472435,1
S273,7.94975896,7.590432693,5.784606872,9.628328776,7.382490872,-10.1491651,5.9053619,5.970265386,5.357705362,4.290925774,5.526470413,6.541292592,4.211386893,5.13964073,1
S274,7.420758549,6.094380064,6.121472474,11.25967971,7.688186965,-9.151612296,7.867070172,5.015007087,5.033935459,3.764409532,5.898516426,7.415718639,4.911022121,6.066694355,1
S275,8.487594654,7.31018433,5.537370965,9.455067915,10.2090382,3.863585925,7.098968379,6.176659358,5.860010238,4.234884,5.73733004,5.622096503,4.720334139,5.724056206,1
S276,9.484025012,8.011870649,5.686592061,13.11276634,9.238723733,-6.575462063,4.64271742,4.116442774,5.6229878,0.747907735,4.957088136,6.204894147,6.043294912,6.521363462,1
S277,7.689092204,5.109063774,5.897889701,11.47275933,11.55334236,-9.327254046,10.12482313,6.596594052,5.062206157,2.034787568,5.486629315,6.97512235,5.208789238,5.81249446,1
S278,9.658344527,9.71644784,4.891534038,22.63712181,9.25218122,-0.82181981,3.220726659,-1.943304709,7.163578813,5.295828204,5.641543183,7.778315161,7.018818993,8.451827053,1
S279,7.846789791,5.031028576,6.120146165,15.23867993,10.73441261,-9.603326563,5.582481796,0.706703525,5.180767498,2.24409075,5.825218346,8.144522528,6.499858111,7.224699104,1
S280,7.608109348,6.860125775,5.157578472,9.914914692,10.23793459,-5.21728301,7.497782432,5.957352064,5.317668001,2.018070028,5.971747972,6.173489321,4.652661041,6.813733012,1
S281,8.962769366,8.380692889,5.21295737,12.47101718,7.141512888,-11.91334047,3.584323513,0.105746604,4.522570906,3.658172482,5.033679279,4.493383694,6.711684171,6.635062298,1
S282,7.809443421,7.115339118,5.372200585,5.446932248,7.736228196,1.024150154,7.699373795,5.360703964,4.808855148,4.007380555,5.978292869,2.556563885,5.961403723,7.348403838,1
S283,8.451377943,6.720775501,5.748401605,12.1904927,9.126006774,5.310118649,6.498481532,9.001750903,5.603229519,3.584065815,5.538174052,6.127451022,6.266246203,5.524025661,1
S284,6.274515692,4.193470206,6.655987598,5.884989755,9.19512395,14.12672932,6.825383967,12.49675099,5.741783106,2.362099688,4.717305111,5.23060537,4.848658299,5.431223626,1
S285,9.392106531,8.720460552,5.384621482,11.98064844,10.34369447,-5.942391203,4.212458027,3.261778814,5.549112339,2.757727511,5.381505313,7.819508158,2.391395366,6.813733012,1
S286,7.631705856,7.622322788,4.90242394,6.682209345,10.04021914,-6.408670317,2.916085875,2.934834961,5.063726112,4.107488498,5.762507498,7.778315161,5.391596715,7.695643124,1
S287,8.504776789,10.02478588,5.884689558,13.54347071,10.48017575,-12.63066941,6.269106854,4.23651481,5.812122927,0.791042688,5.462194611,7.216211278,6.154524688,7.264643214,1
S288,8.938423183,8.308574331,5.544230323,16.07339926,8.291822757,-3.000359226,7.615175518,3.827469767,5.275221273,1.206917279,5.556383737,8.398409311,7.234356926,6.263082477,1
S289,8.254769423,6.619972002,5.611186708,12.05921122,8.295741558,-9.615243004,1.181380707,3.1281594,5.373042183,5.385574418,5.721181121,8.202349596,5.439064464,8.058886011,1
S290,6.883175046,5.127847728,6.019419749,17.25828474,11.58077316,1.837213171,4.824006699,3.385217994,5.553944142,3.606344245,6.46538625,5.496762215,4.087379941,7.444485148,1
S291,8.855866094,6.644301105,5.527523129,11.07566251,9.673773783,-10.81356661,8.020368586,3.419435944,4.648083114,5.636661243,5.457930285,7.181825418,7.11616021,6.11831756,1
S292,9.3068956,7.746429474,5.681219447,13.96783989,9.970730893,0.382155362,5.622322433,6.247584859,5.184146619,2.025874221,5.095294285,5.544772069,5.593426802,7.205503055,1
S293,8.293086791,7.717520424,5.596675974,15.57753201,9.186795166,-6.41990438,2.525749545,-0.144401951,5.715047162,1.041566867,5.881282501,7.846699636,3.773038142,7.987780787,1
S294,8.979398998,4.731119334,6.245763395,14.9615505,9.92430142,-1.911991383,8.234406867,4.871197737,5.649864611,7.131182778,4.855592057,7.8357567,7.724320077,5.851849289,1
S295,8.456565113,7.591464081,5.508069482,9.987008749,8.310998599,-5.697278204,4.653200209,4.167672918,4.895673105,0.377930734,4.918080844,7.55111857,7.240027163,7.207679401,1
S296,8.225902677,6.0420201,5.898177741,9.539547207,8.214504373,-7.967741335,7.658151622,3.856835684,5.829400797,1.11191029,5.627241786,6.073372028,5.394171301,6.767624634,1
S297,7.243955661,6.057116495,5.400056565,4.032889729,10.56106433,-0.548677267,5.69966391,5.398469244,4.819261296,0.888839462,5.440986071,4.484815276,2.441695626,6.163256826,1
S298,7.958197088,7.601775194,5.77249972,10.33379542,8.696330637,-4.807071682,5.644020783,3.840118706,5.780071155,3.086918353,6.603587762,7.205710832,5.364967435,7.27094507,1
S299,8.238852716,7.450858049,5.424905833,8.214800575,9.247819903,-4.985185806,5.007760998,6.292672749,6.015401205,2.556311654,6.067592207,7.36717155,4.939957669,7.064435048,1
S300,8.470424894,6.238352779,6.09795708,15.64744966,6.377797023,-1.230267896,7.509079882,5.650776519,6.2770431,4.64340389,5.615467461,6.604973161,5.845105543,6.579693211,1
S301,8.32451272,8.676076621,5.679426365,11.38423289,10.03143991,-6.147685248,7.6342463,4.285326511,5.033935459,3.365362453,3.909209486,5.063477125,3.328772637,5.949508808,1
S302,8.371916243,6.626744186,6.231585364,15.75072889,9.745905208,-5.36472627,3.711254983,4.809534463,5.328411831,3.298963304,6.000196059,6.576752984,5.786977585,6.686465623,1
S303,7.400963273,6.165932597,5.425459353,6.06259162,9.335502938,-7.123017254,5.443511539,2.019203401,5.152804044,2.937351189,5.203202472,8.924866637,5.603915461,6.917394841,1
S304,7.545056564,5.670448362,4.909714717,5.664757294,10.06839353,0.827321124,6.571126498,6.072507581,5.767192506,4.316444601,4.624011894,4.138182303,7.080479276,5.643892805,1
S305,9.294131542,11.82029046,5.700017866,18.97661968,9.45617356,3.555045322,-0.417483392,3.65357298,6.037574897,3.626704251,5.517974278,4.769177511,6.1139676,8.388343513,1
S306,8.671950634,11.08581739,5.200234333,22.52155571,10.67633089,4.983447132,2.227039596,1.410383782,6.304151892,2.485321757,5.104588957,6.521512584,5.270051852,7.966224875,1
S307,8.577016994,8.155347785,5.805118891,13.72235201,9.71894722,-3.851979444,4.422028235,4.709025797,5.375869188,4.959509734,5.957701588,7.200657846,7.649945945,6.198669372,1
S308,8.722550487,6.993218934,4.632616052,12.11112263,10.56106433,5.761051642,6.301377984,3.864624703,7.032391243,0.664132814,5.289799047,7.090760833,4.712863927,5.19982991,1
S309,7.408510312,6.618911558,5.796047205,8.272820481,10.28022766,-10.29575417,5.622322433,3.553711053,5.596013777,5.255841578,5.403774671,7.920572214,5.508819342,6.533633652,1
S310,8.431872069,8.742127522,5.551613819,8.749950045,8.928579336,-7.602008719,5.30132876,6.048939665,5.88993685,2.683748739,6.020960381,6.384865493,6.366522258,8.483651667,1
S311,5.970305873,4.750898478,4.174036321,3.121954566,7.223359884,27.11357181,18.29644444,17.07323059,6.554869937,7.832223457,8.694517582,8.020682957,10.74155043,9.048715934,0
S312,6.512190593,6.220140173,4.039852057,-1.41730443,6.602369843,1.602918901,9.017225507,4.839031472,4.963153051,2.923033499,4.279555477,10.41474454,5.222554705,9.362069732,0
S313,6.793029395,4.0654669,4.470979294,3.757590904,5.26484609,24.33120366,18.54812056,16.90263604,7.126756155,3.242570125,6.724603658,9.922449239,12.08153491,7.515424713,0
