"ID","FBXO9","ARHGEF7","ACACB","LTC4S","ZNF135","SAMHD1","PPM1K","HNRNPL","AMFR","TRIM23","MYC","PACS1","DSE","FURIN","MAPKAPK5","FLCN","Type"
"GSM1100843",3.8408533876269,2.33972808694765,4.42368154433135,2.55863758558698,3.55126714851494,3.27742237399672,3.95184025348565,6.31495398091147,4.32396943062663,5.74828893497949,7.96332733513471,6.65282800235446,6.54884161536088,7.49702318058658,6.21576282247375,8.17043608824072,0
"GSM1100844",4.08786137976131,2.34981885357697,4.77964670798034,2.71498305452464,3.37011280893619,3.67638675038009,4.28824343133667,6.4515473923641,4.32192882634567,6.21135384600332,8.04719442226831,5.93874619364299,7.51514273282573,7.56291092396691,6.92322717148341,6.97386124434073,0
"GSM1100845",4.07978602665545,2.33972808694765,3.82365879159344,1.77786312955765,3.79025130209378,3.6229980678064,4.74566487656489,6.51869469799784,4.28441448930409,5.84487809216221,7.72837701745315,5.61718165579051,7.40255174562293,7.13726523164714,6.44277094817897,7.05866371656891,0
"GSM1100846",3.9852788686824,2.71147893287887,4.08716849236094,1.9948444917863,3.80715649942952,3.27742237399672,4.20264988653322,6.34311115401399,4.32396943062663,5.81675030086308,7.30606332861428,5.85636890283853,8.82324903599374,7.12648178761566,5.98123017584363,7.78499841129203,0
"GSM1100847",3.70812352827387,2.33972808694765,3.00703737988402,1.77975770081519,3.03870833532592,3.64087012258392,3.08998081714776,6.35791963468019,4.32396943062663,5.4132910633191,8.21423760159832,6.21736692220264,6.5309975753951,8.31474760512736,6.47834681353837,6.30650150874999,0
"GSM1100848",3.00601033675962,3.39137797651354,3.88244265381977,2.44297974561364,2.77674889114054,4.55802471809653,5.34563835798119,9.50917152795703,8.11370846624303,8.1139014415739,9.49583593110517,8.30355130535328,7.37772811253975,9.01137652459713,6.21015246466648,7.44021099228912,0
"GSM1100849",3.1419267437953,2.53257459528703,3.29532119916187,2.07797337153248,2.70793838438239,4.4134873950533,5.80846587496861,9.54589059118096,7.98970074373913,8.41362710591303,10.201730591868,7.01788720409252,7.11061478914329,8.8331041238476,6.29781732012438,7.71683927058741,0
"GSM1100850",3.38808480781732,2.48507180943601,4.10227626814094,3.40779325484997,3.0133658553073,3.72716538592211,5.19757717479779,9.62913917611667,6.86004056437012,7.80629925495184,9.65114317260392,8.9980403544544,6.54079640808138,8.10666089839997,6.32958821037273,7.3305037774809,0
"GSM1100851",3.55026782137564,2.97487521760024,3.27815486189461,2.94475683112869,2.96579780417547,3.71765940675434,5.93983487746886,9.68549839132494,7.90147299603423,9.23992202346982,10.1221382559161,8.54930623519357,6.58884019294308,8.58671998913647,6.48260183889396,8.23648726797289,0
"GSM1100852",3.02942926006568,3.14062193714813,3.76217678681054,3.52426569666265,2.90713162703766,3.83698406165342,5.70579556242584,9.84540361526736,8.64656272277875,9.19940147761866,9.94869235108952,7.37884071136187,9.10757026438799,8.65683529122607,6.45921410495113,7.92242447786756,0
"GSM1100853",3.1922479227447,2.5858920113039,4.09177994077294,2.00019878096775,3.34558646889705,3.78455887536016,4.96935701562403,9.48536307946337,7.26020365023456,7.70534515920815,10.1775051277938,8.42627369782029,7.95511602004616,8.49121095263828,6.91847331945063,7.05592600555827,0
"GSM1100854",3.0960890645058,2.34678523239797,3.24573569907321,2.42056493754512,2.2990807236164,4.35162824384907,5.3868159175804,9.84766581893946,7.31462043084874,7.37644299599924,10.262283732023,7.68657794010846,8.12694178073165,8.70095988420175,6.99772547367711,6.85458192581036,0
"GSM1100855",2.87931347473726,3.76283168579355,4.41208492414761,2.70447349223842,1.99937458107482,4.551762939758,5.38287122286346,9.65594967961733,8.07217185030883,7.73018017798079,10.1224880916347,8.13213438280112,8.96972236359046,8.62203468850912,5.8418574237345,7.37171960687138,0
"GSM1100856",3.19564942384825,3.49115024475697,3.84715066217916,2.18052540437622,2.40072851607618,3.81507345836776,6.14244377417678,9.67562526241518,7.86253214828723,8.52937467644818,10.2424766329917,8.99040160677321,6.72354177601957,7.53434157383765,6.85829231163719,7.88897943809286,0
"GSM1100857",3.22486708434975,3.44686501310476,3.85624521781522,2.36088351450563,2.72829871466215,4.29352722784017,5.89882734579529,9.3821163367193,8.26485812479487,8.13260134957944,9.63382330439103,8.03919423959587,5.67533397326441,8.13183476070082,6.72862902166198,7.40582093122374,0
"GSM1100858",3.34210737271265,3.37652958189407,3.57712382443088,2.74667622940302,2.70639353066228,4.51230788706621,6.29363215280322,9.61498116091776,7.13683489191918,7.90956707077438,10.2062780076796,7.79002352213037,7.36713610222153,8.00032765471777,6.11850975634464,6.89095742378911,0
"GSM1100859",3.54952048092786,3.59428910549594,3.33239802027757,2.411137152432,3.24494905158912,4.01118458165478,5.86119601929967,9.56664421768009,6.80957602955895,8.56780757154123,9.72369555011159,7.36256362018217,5.64540571450912,7.79246312367065,6.60776761712304,7.94290314570446,0
"GSM1100860",3.25231876256964,2.81271612679856,3.4209353935125,2.92917400651631,2.94076973713046,3.83794333893049,5.52222013074233,9.7742879928751,5.83306552748314,8.53382078636592,9.91623943837333,7.66774921173487,5.64540571450912,7.98635887668487,6.99973107478766,7.99988965208603,0
"GSM1100861",2.79239086545322,2.33972808694765,4.35864829214916,2.38049248348457,3.93774494989102,3.86467964498176,4.7073663068171,9.68258032019712,5.95535149501273,7.31863352620634,10.5699186800895,6.51539095612237,7.92557884565311,8.38394133225384,7.25871328846362,7.42102486570952,0
"GSM1100862",3.32568820726396,3.69734385778733,4.16388113977094,1.95553055884065,3.25575009882943,4.40243568833973,5.83754402770565,8.5633635158608,7.95974042646122,7.95021302598722,10.035535277311,6.78041307398735,6.37337347199009,7.92299513893466,6.37010954346051,7.58710775813906,0
"GSM1100863",4.50429741223553,3.52173588168654,4.49977694840578,3.52426569666265,3.9372651388828,5.1770213628946,6.6379357358702,6.55770828576684,4.32396943062663,5.4132910633191,7.27686787572622,6.94690830786632,5.64540571450912,6.13524624356341,5.1958191878722,6.29912758654197,1
"GSM1100864",4.58192055887026,4.62521543417376,4.94899562440336,3.36893264274694,3.99680432432998,4.87779332093594,6.30839521804209,6.03457881413445,4.28769573197695,5.53924084890716,7.51071968228749,6.36645526927509,5.64540571450912,6.05587890431596,6.02262088137125,5.97714217969569,1
"GSM1100865",4.60862863075771,4.09984212463649,5.83487522134714,3.53838450880895,3.99680432432998,4.74534081140169,5.50107857922871,5.98158115876096,4.31821318654022,5.8350081721489,7.27838191294315,5.84554309864222,6.87810324782486,5.75136779580974,4.7643353064637,6.30211323062662,1
"GSM1100866",4.56912158515985,3.87639445003278,5.51403940686037,3.52426569666265,3.99986895354663,5.71111554156914,6.38610921869082,6.34299235653152,4.32396943062663,5.48567412980767,7.5528620101869,6.01978119724147,5.64540571450912,5.58998160063627,4.30639331152822,6.03911281755689,1
"GSM1100867",4.44971875680905,3.83746916395779,4.79903511391883,3.52426569666265,3.9372651388828,3.72019155640316,4.98322261656204,6.4288482033337,4.35859617105537,5.4132910633191,7.25861304258545,5.51992108715781,5.66094168637699,7.25789342320209,4.97045833950691,5.50964631806846,1
"GSM1100868",4.54887178870945,3.97161658524958,5.6921286268202,5.26067536401938,3.9372651388828,4.54018223948353,4.47384727816835,5.76939076593723,4.32396943062663,5.4132910633191,7.39876704030328,6.55470132192017,8.15814956962938,7.82923751838204,4.63144433673942,4.50155691303363,1
"GSM1100869",5.0591242166387,4.43265051335303,6.21468486965333,3.52426569666265,3.99680432432998,4.40856244327975,7.00303809088995,6.34299235653152,4.32396943062663,5.4132910633191,7.79896660330355,5.58361699749207,5.64540571450912,4.72642267275105,4.97045833950691,5.30453685955638,1
"GSM1100870",4.35863722589075,3.9816572984191,4.93270070827272,3.52426569666265,3.45975125896536,4.66125678322484,5.73038114707675,6.00271777218838,4.32396943062663,5.35530826551609,7.19949655969532,5.83904647841007,7.77310440502716,6.82109749802065,5.30467141555132,5.93146081080596,1
"GSM1100871",4.23889822301702,4.3346136127677,5.18765564251553,3.52426569666265,3.2241203443924,4.30167307189112,6.62378924684292,6.36584022898205,4.28441448930409,5.41511181926569,7.53560227662655,6.54735248588723,5.64540571450912,6.84356429074976,4.97045833950691,5.89912508745063,1
"GSM1100872",4.29140979675101,3.89205796579799,6.13940754479938,4.4436201510329,4.05878101746955,4.23501007112039,4.7073663068171,6.51522320146516,4.32396943062663,5.20864410985516,6.07714454869576,5.72705807279606,6.81209025947149,6.63312061330843,4.97045833950691,5.64224532528778,1
"GSM1100873",4.6912278504187,4.04797614647802,4.9388449872734,3.84458745027333,4.22135334818988,4.87184098018189,7.32795961283435,6.60801966133497,4.36634291674989,5.15366072316495,7.31178441011813,5.26379268513969,5.64540571450912,5.27933897084141,4.97045833950691,5.30453685955638,1
"GSM1100874",4.56050059251691,4.11092548152634,5.90202578778746,3.72376699655639,3.33654685745792,5.01542480163317,6.77479239962067,6.4251288295381,4.32396943062663,5.8965947709671,7.26196371641825,6.63033739312898,5.46745053862645,6.04916310381948,4.62281971688443,6.32676030584538,1
"GSM1100875",4.24687030098587,3.97161658524958,5.18765564251553,4.36858495470331,3.99680432432998,5.10134793883278,6.22022442895673,6.23497634108339,4.60185604293064,5.4132910633191,6.21052977522309,5.30105285020062,5.6647179952833,6.22305998947335,4.6283764357978,5.50394981075689,1
"GSM1100876",4.21896687300725,4.21022966549195,5.68207663953045,4.08034358878657,3.9372651388828,3.9468358576028,5.84540175688304,6.10123941710418,4.32396943062663,5.49182646985488,7.87620140766112,5.51992108715781,5.64540571450912,6.94619603272522,4.97045833950691,5.93820257587292,1
"GSM1100877",4.46148328824871,3.88819376381039,5.18765564251553,3.38327922051378,4.61546514774046,5.08553058467101,6.34191494486787,6.48889533757433,4.69607576160283,5.4132910633191,7.79946336719165,5.51992108715781,5.81657030310525,5.60661374612547,4.84568941841892,5.30453685955638,1
"GSM1100878",4.77036862835699,4.07220219087074,6.26164808086647,3.52426569666265,4.31984064574993,4.630539607619,5.95849461042159,6.42982567461243,4.32396943062663,5.4132910633191,7.30865164683311,5.58863237935578,5.64540571450912,6.91195406577839,4.03559307054462,5.9351717344945,1
"GSM1100879",4.61148352272171,4.08340882107565,5.97241876154293,3.63511945703108,3.99680432432998,4.87184098018189,5.47346299492642,6.41703841606206,4.90099125080671,7.42411656339237,6.58684335050165,6.99210773142815,5.64540571450912,7.29895823920603,4.63144433673942,6.66574612728544,1
"GSM1100880",4.76657412696516,4.17515102169502,5.15159790332547,3.38327922051378,4.08457219511123,4.86649247463053,6.33951699409576,6.42729547616758,5.02167636871444,6.84040050889476,7.17804376977803,5.51992108715781,5.64540571450912,4.73643513592238,5.32878946820815,6.52450656602367,1
"GSM1100881",4.06191694561754,4.16654960180416,5.02897247608849,4.45320525329905,3.99680432432998,4.55802471809653,5.45191745508599,6.31495398091147,4.4732832419217,6.554993302038,7.46658475622857,5.26379268513969,5.64540571450912,6.8813090498106,4.74263152955726,4.57502827194614,1
"GSM1100882",5.05025827462375,3.9976422423883,5.18765564251553,3.52426569666265,3.83404639201303,4.82643557616556,6.31277470438196,6.90218957956026,4.50801130282438,7.15639490765685,8.07527603169729,6.35386242377266,5.64540571450912,6.89038617320982,5.29442392459366,4.09442742341815,1
"GSM1100883",4.89200662732781,4.16986237661931,5.6542557596549,3.52426569666265,3.63714391633094,4.96239014009078,6.63757586482152,6.28931519165957,4.32396943062663,5.44534170193488,7.8527362072741,5.91091754036767,5.57901380372014,6.03031284648832,4.776456950007,5.64257018767309,1
"GSM1100884",4.54175175085386,3.97161658524958,5.3004838633422,4.3254847958734,3.99680432432998,4.55802471809653,5.84900787301076,6.16188603323519,4.39174981855274,5.4132910633191,7.62205882553104,5.38742013761719,5.64540571450912,7.01362162265117,4.97045833950691,5.3975130352321,1
"GSM1100885",4.78614823985994,4.08659565460591,5.34730545071444,3.52426569666265,3.57559607975544,5.02036174582832,5.51134659090778,6.60456741539279,4.28441448930409,5.4132910633191,7.13646742149041,5.65487019898652,5.64540571450912,6.10324568772119,4.97045833950691,6.7270815983556,1
"GSM1100886",4.78491459026099,4.12072140903002,5.18765564251553,3.1501423605135,4.12272312083618,4.81148651367616,6.60965118233125,6.35619286595657,4.32396943062663,5.47897532722468,8.1269307026134,5.51992108715781,5.47517901637992,6.12591663738783,4.85711573409637,5.13711260710789,1
"GSM1100887",4.37107736653703,4.21447707128878,5.11233452388851,3.52426569666265,3.78577095950002,5.22862700054654,6.41070070190777,6.52569157285193,4.28441448930409,5.4132910633191,6.69079671785903,6.36395950802988,5.64540571450912,6.47396875331494,4.92662587801895,6.12862229208092,1
"GSM1100888",4.91635771568336,4.18850330523854,5.75458730449401,3.51814093114831,3.66144707282509,5.19125218004949,7.3425629250567,6.74210002348103,4.32396943062663,5.4132910633191,8.1442918355517,5.51992108715781,5.30687566176376,5.54979627546373,4.97045833950691,5.02479240054019,1
"GSM1100889",4.73106141512027,3.97161658524958,5.29337748190095,3.52426569666265,4.38549890124338,4.55802471809653,6.67831007504006,6.94717957388037,4.31821318654022,5.4132910633191,7.27038213466808,5.51992108715781,5.64540571450912,5.8215786905943,4.97045833950691,5.30453685955638,1
"GSM1100890",4.34775951258459,3.93099446768176,4.89673603591125,3.42881681521826,3.9372651388828,4.69773283485421,3.63277042260917,7.06002455287559,4.32396943062663,5.4132910633191,8.33779911563614,5.43625456056441,5.64540571450912,6.84641904210859,5.91634187637846,6.9632128688799,1
"GSM1100891",4.25782833843889,3.87639445003278,5.40173959803053,3.52426569666265,4.62279965938835,4.1940380420825,5.2638373584876,5.59443084797932,5.18233342792324,5.45635506567679,6.92662364651295,5.51992108715781,5.64540571450912,7.29916134961894,4.61105742828399,5.84289635473206,1
"GSM1100892",4.6044468118333,4.41084286610181,5.18765564251553,3.38327922051378,3.63986357777148,4.59980529497138,6.12889803428138,6.5010084374772,4.30314415841459,5.63172143512881,7.63357440111763,5.83813698916422,5.64540571450912,5.78089915996219,4.97045833950691,5.27646564508559,1
"GSM1100893",4.48096291225856,4.01441456340293,5.75534525747525,3.52426569666265,3.99680432432998,4.49375955427476,6.14535694176579,6.34299235653152,5.03358662682918,7.00547333901172,8.63795811446259,7.05428889639263,5.64540571450912,7.21624859298003,4.63144433673942,5.46901955979129,1
"GSM1100894",4.21586496486933,3.87639445003278,5.99830634006045,3.92142516547108,4.83933117820973,4.25103219242017,4.7073663068171,6.34299235653152,4.32396943062663,7.55987418910548,6.62882512352259,5.51992108715781,5.64540571450912,6.24948380718067,4.97045833950691,3.55074690553197,1
"GSM1100895",4.46726502183964,4.02239325346751,5.1252570195899,3.52426569666265,4.09544707268108,5.01870968248964,6.13151219278075,6.64315173820646,4.32396943062663,5.4132910633191,7.11097415678298,5.4607094493897,5.64540571450912,5.35646912055898,5.2318997286468,6.32433558733525,1
"GSM1100896",4.84230320929893,4.07565143517135,5.55528648248026,3.29932064270432,3.59485906984535,4.8871350825849,6.01715724957812,6.41703841606206,4.32396943062663,5.94013276079165,7.21274888266701,5.26379268513969,5.55821144321004,6.32839711372474,5.31653656294817,5.50669606461378,1
"GSM1100897",4.6867979584989,4.19686236792628,5.1364850332906,3.1501423605135,3.49999345401118,5.23169633521004,5.98116846363368,6.32423385017221,4.32396943062663,5.4132910633191,7.58783849392041,5.51992108715781,5.64540571450912,6.76214424909279,5.90165686990463,5.55671687828707,1
"GSM1100898",4.27005209150677,4.21296553638044,5.47917008456961,4.15681394150672,3.99680432432998,4.73110578591105,6.02844620103069,6.31495398091147,4.32396943062663,5.4132910633191,7.80244347309725,6.08809596286117,5.64540571450912,6.68521201705923,4.97045833950691,5.34855814585785,1
"GSM1100899",4.52762632132198,4.23596454161359,5.83640205873084,3.59663547445297,3.72947027427917,4.91023201676083,6.14891724128301,6.68995137140325,4.28441448930409,5.4132910633191,7.10542589140143,5.76234807070439,5.64540571450912,6.2524708876959,4.90559035420276,6.2842366249557,1
"GSM1100900",4.39887187826788,4.03910284307835,5.18203818622465,3.52426569666265,3.9372651388828,3.54101131246312,5.9583843875714,6.31495398091147,4.32396943062663,5.4132910633191,7.95704326273116,5.51992108715781,5.64540571450912,7.10497243743202,5.41645718341275,6.80835168403289,1
"GSM1100901",4.76071468799409,4.26144984358483,6.42974447575608,3.38327922051378,3.99680432432998,4.69391945995308,6.54234892920982,6.1585558854125,4.32396943062663,5.4132910633191,8.08113195365169,4.7048631660819,6.95358868233749,5.96513307996111,4.10765671876408,5.25452891820631,1
"GSM1100902",4.65715865483268,3.97161658524958,5.13305150697931,3.52426569666265,4.47804787492952,4.80330102132228,7.2041422654253,6.31495398091147,4.38799164681405,5.4132910633191,7.59675045959706,5.51992108715781,6.36599287925818,4.47980329763913,4.97045833950691,4.55326231635382,1
"GSM1100903",4.72443277838437,4.3838341919689,5.09906617723878,3.38327922051378,3.9372651388828,5.11187663441617,6.6617629928809,6.61223778055619,4.32396943062663,5.79905012139759,7.86597440672356,6.20109458399469,5.64540571450912,5.80231836586632,5.51027678025547,6.51238875932711,1
"GSM1100904",4.50499982918011,4.32875519573303,5.14609272211493,3.34364828480631,3.64413514755915,5.88770076910892,6.18356920815625,6.7262229333651,4.32396943062663,6.48580965347057,7.25861304258545,6.21008780440086,5.64540571450912,6.07605000311576,5.39911836624882,5.40497617420449,1
"GSM1100905",4.81036647436524,3.97161658524958,4.73505623220535,3.38327922051378,3.53862951941352,5.13706648844499,6.73372447918177,6.78089588248091,4.32403471062064,5.4132910633191,8.05134901485334,5.37220399021778,5.45164335536765,5.81261227897591,6.26856778668406,5.34091117134359,1
"GSM1100906",5.17082733055177,3.97161658524958,5.18765564251553,3.52426569666265,4.76941885196406,5.12829169947042,6.40588781801388,6.34808437360447,4.69136159659146,6.27349900866038,7.33871384619245,5.34546946866202,5.64540571450912,6.03400960176861,4.97045833950691,5.96533133199712,1
"GSM1100907",4.64915261205753,3.97161658524958,4.79903511391883,3.52426569666265,4.36420455446411,4.8805422342909,6.6719139428383,5.76939076593723,5.14049952005548,5.63594410829896,7.48070796455973,5.9550613764442,5.64540571450912,6.21370301574081,4.97045833950691,6.36880979048608,1
"GSM1100908",4.72652147804835,4.56074927684274,5.00919729038974,3.38327922051378,3.5587976097434,5.68677910966464,7.16960230427128,6.59052421479614,4.32396943062663,5.4132910633191,7.58607885300458,5.87735869903687,5.45164335536765,5.76777118776917,5.34288683162851,6.59643432654512,1
"GSM1100909",4.35048411416605,4.24776056591742,5.18765564251553,3.97815096322989,3.99680432432998,4.92675100130648,7.01000636027219,6.95629656952194,4.62166682513443,5.4132910633191,7.25903543069569,6.04589718262675,5.64540571450912,6.01453134206425,4.63144433673942,5.70743790724942,1
"GSM1100910",4.33617589431252,4.04029268954008,5.53955755642194,3.38327922051378,5.05556004226877,5.4505940919492,6.91298337049398,6.32957930607584,4.37487768209727,5.68390236827506,7.97331134822728,5.2493499662949,5.82792014530825,4.4473284702878,4.97045833950691,5.15314057715798,1
"GSM1100911",4.76958681772897,3.96759972201467,5.41940832661453,3.52426569666265,3.9372651388828,4.87184098018189,6.38989820974934,5.99202553406225,4.93655748819951,5.66162110258128,7.35370711266908,5.51992108715781,5.64540571450912,5.67899312431573,4.78874616056955,5.83798514525621,1
"GSM1100912",4.26579896670504,4.1224067077688,5.68322657316217,3.94563558216182,4.27028792677197,5.04053834248117,5.74320325883318,6.40456248434706,4.32396943062663,5.44675079662078,7.09789371375786,5.71055829124083,5.64540571450912,7.15930495987425,4.6674880738011,5.8188908506166,1
"GSM1100913",4.51891233394962,3.87639445003278,5.1784723699071,3.52426569666265,3.99680432432998,6.09932867838266,6.28848619762737,6.5229031026989,4.32396943062663,5.07364936237534,7.91840182714985,5.77238023857789,5.45164335536765,6.28494547261945,6.1590461531929,4.39363262893166,1
"GSM1100914",3.75667517681057,3.8920074789608,5.49044522424647,4.01129664945633,3.29198121215091,4.88145889922838,5.95379261915082,6.29415220355872,4.32396943062663,5.4132910633191,7.36578484752669,5.68868276564629,5.66546100379214,6.65051219849569,5.31416151290107,6.24711495756657,1
"GSM1100915",4.82158402655282,4.16385286592697,5.04328530072948,3.54722550825073,3.99680432432998,4.22328913057542,7.3603087639489,6.58690576209172,5.43871653787128,6.32908327176338,7.28186838664804,4.69783194028493,5.64540571450912,5.69401705339854,5.71199846569207,5.48002319833354,1
"GSM1100916",4.5734845202869,4.09512892236982,5.18765564251553,3.52426569666265,4.52769195609997,4.78738132980173,7.18625314765174,6.6520132866342,4.38471848845,7.37150991853544,7.69369442476377,5.3780722333838,5.64540571450912,6.13093126543172,5.32586886905864,4.64238185058695,1
"GSM1100917",4.80221661092965,3.97161658524958,6.14927594681612,3.52426569666265,3.9372651388828,4.83894090009597,5.67008736046491,6.48205268045333,4.32396943062663,5.4132910633191,6.86783832434222,6.76866560186303,5.64540571450912,5.75459048873892,3.98561406220629,5.90274395719718,1
"GSM1100918",4.66440496745651,3.8884956356955,6.06105075844558,3.52426569666265,3.99680432432998,4.94486208105258,6.71834652772989,6.34299235653152,4.64681802146928,5.68908882140033,7.92008273093794,5.51992108715781,5.857947000132,7.06772863688996,4.87480431939426,4.32628032511658,1
"GSM1100919",4.11963853198057,3.51095760664019,4.79903511391883,3.52426569666265,3.74035556849253,5.10290426926516,6.00269649909979,6.34299235653152,4.34877950544832,5.60243686750141,7.2304711547118,5.51992108715781,5.57127344676741,6.02259257846265,4.97045833950691,5.75920633724358,1
"GSM1100920",4.27557320732369,4.18971403020688,5.05886304365687,3.52426569666265,3.4879738798694,4.55802471809653,6.68718853114387,6.82068272910282,4.32396943062663,5.67523220243939,7.42028372278473,5.51992108715781,5.64540571450912,5.67762955207183,5.39300435214977,4.08224926995692,1
"GSM1100921",4.53455902894333,4.05340557830573,5.05370166604587,3.52426569666265,3.65750432689076,4.87184098018189,6.39529952281379,6.1875809724082,4.81643906321855,5.4132910633191,7.36584126573487,5.51992108715781,5.64540571450912,5.99769295337109,5.05079865261709,5.81145742144144,1
"GSM1100922",4.69985289842118,3.97161658524958,5.47870018721516,3.51665465568395,3.88495088596081,3.67638675038009,5.62940081195007,6.53157249014308,4.32396943062663,5.71994662602063,6.96941986285551,5.56760667665389,6.81153927647603,6.53807139751324,4.97045833950691,5.70319185190865,1
"GSM1100923",4.39781754930086,3.98698444344908,5.67425430854649,4.42669721515864,4.48928220162964,4.69322885285707,5.36350060317427,6.69324399513368,4.38982855228576,5.4132910633191,6.77787411064492,5.859486561011,5.64540571450912,6.75536821329323,5.20697427902145,5.1110961201072,1
"GSM1100924",4.22338453614825,3.42393752028838,5.70322924261452,3.70988349990164,4.24695113048284,5.02362427991511,6.33075668554799,6.31495398091147,4.32396943062663,5.4132910633191,7.47315697787915,5.71286658335482,5.64540571450912,6.05906515117918,4.90208999942337,5.15004001816825,1
"GSM1100925",4.40480532539016,4.18147069744887,6.25995990654997,4.26723559379596,3.85071609243866,5.05880475312151,6.33174706270428,6.40382663006811,4.32396943062663,5.4132910633191,7.39019737665927,5.51992108715781,5.64540571450912,7.05002381606017,5.12810438742835,5.93062593161037,1
"GSM1100926",4.499899968192,3.98092403266492,5.52001093768566,3.52426569666265,3.88933423020949,4.51823501578801,6.23406032466303,6.10912930998976,4.32396943062663,5.4132910633191,8.10167710177007,5.51992108715781,5.64540571450912,6.69984199041197,4.97045833950691,5.79745278459459,1
"GSM1100927",4.03691326544999,3.97161658524958,5.18765564251553,3.52426569666265,4.08474936738882,5.55215206996851,6.57999846065267,6.54326313944454,4.32396943062663,5.58421628050094,7.40154569312295,5.51992108715781,5.45164335536765,7.75607797048235,5.49670200208131,4.05140458485921,1
"GSM1100928",4.41624027338759,4.2417463272589,5.48800687026417,4.90586690483949,3.34930890109126,5.04815608045607,5.45418773026829,6.08205661796478,4.57692422567339,5.33809725154559,7.24884051099186,5.51992108715781,9.36802494835877,7.0910620417523,5.21388678473469,5.28476247610416,1
"GSM1100929",4.65995383241473,4.08588491019192,5.01360066504078,3.52426569666265,3.98630510705646,5.39986030525843,6.58092353555955,7.08691811315735,4.28441448930409,5.48646109255628,7.50886488056163,6.22066117116069,5.64540571450912,6.03329792479118,5.51243005932225,5.72765404539411,1
"GSM1100930",4.72363375804292,4.55701335742761,4.72836442472326,3.52426569666265,3.79683834507429,5.56997801316993,6.10384077323384,5.76939076593723,4.32396943062663,6.06076355703278,7.66632045087563,6.1647477600381,5.64540571450912,6.60751365936429,5.82872063535821,5.53784927302524,1
"GSM1100931",4.28144161174059,3.87639445003278,5.18765564251553,3.52426569666265,4.17853461443238,5.8066116382709,5.97219443061113,7.09553725253008,4.31821318654022,5.4132910633191,8.55224759389908,5.62767072804857,5.64540571450912,6.9370273375622,4.97045833950691,5.55183673818879,1
"GSM1100932",4.55779278080878,4.33500347424104,5.12903525656897,3.2575880949322,3.99680432432998,5.43324034291818,7.17577738679401,6.54396898468798,4.32396943062663,5.4132910633191,7.54602474835425,5.85562720973635,5.64540571450912,5.77939796923033,5.55076721896131,5.92037469155242,1
"GSM1100933",4.2341967196391,3.76187813751625,5.16968916687472,3.52426569666265,3.99680432432998,4.75023880681796,5.15933473862379,6.38626799598158,6.39906760010276,6.20047600806006,7.25861304258545,6.19897785516549,5.64540571450912,7.60129961811543,5.05975382873069,5.67745122293823,1
"GSM1100934",4.23791389951013,3.88944719543578,4.79903511391883,4.30528662870236,3.9372651388828,5.35155442617367,6.93646912172398,6.34299235653152,4.32396943062663,5.4132910633191,6.79363016993159,5.51992108715781,5.98920522823905,6.49386632506303,5.45766776963178,2.91449333971965,1
"GSM1100935",4.57277482751569,3.90162335117561,5.00782020546415,2.79638361562016,3.99680432432998,3.78269022889199,6.21359500806964,6.00083167868138,4.32396943062663,5.72751430665642,7.70265848890975,5.51992108715781,5.45164335536765,6.04971984054542,4.99474233942764,5.34293850417558,1
"GSM1100936",4.88898767177422,3.97161658524958,4.9792310746429,3.52426569666265,4.87587251701189,5.32214173688089,6.17020380878209,7.42867615278527,4.32396943062663,6.05462899187251,7.25861304258545,5.62366851270573,5.64540571450912,4.40712172593177,5.23599790672308,5.85591273804161,1
"GSM1100937",4.82000059798024,3.89899415162884,5.18765564251553,3.52426569666265,4.74107963442453,4.9710298248369,7.23910558193734,6.44460970333845,4.32396943062663,5.4132910633191,6.76222775560519,5.73543750214398,5.64540571450912,6.68895520035629,5.05582396901658,6.47974952499122,1
"GSM1100938",4.51115112017737,4.22633459360914,5.52261039040187,3.52426569666265,3.71671530047921,4.97658982998184,6.70184668226974,6.33107686075377,4.28441448930409,5.4132910633191,7.75228250208637,5.91589314059573,6.6462991844417,5.54083874206342,5.92782540046225,6.62830272645124,1
"GSM1100939",4.57703518596216,4.23482231582349,5.67613717597675,4.02368181055888,4.08776556481687,5.26858605173651,7.10744456268042,6.19093492635967,4.32396943062663,5.4132910633191,7.16112529898262,5.26379268513969,5.64540571450912,5.76383271913394,4.63144433673942,5.83010698902254,1
"GSM1100940",4.44403504107145,4.52575850054708,5.35924811386233,3.51387153970475,3.9314060422126,4.87184098018189,7.05655716984749,6.22843301280869,4.32396943062663,6.59561593950628,7.7334837710732,6.08198731558319,5.72101293652965,6.64859963741342,5.27512101489426,5.85937371334922,1
"GSM1100941",4.24805888107973,4.19709127306083,5.13165708392273,3.59041280777347,3.80125295073426,4.55802471809653,6.54998066604411,6.52649420475035,4.32396943062663,5.4470110510761,7.25861304258545,6.06895173395524,5.47274476274502,6.3019622545761,4.59757912269089,4.91344124258948,1
"GSM1100942",4.62764022204952,3.97161658524958,5.18765564251553,3.53132567193697,3.93470494633214,4.87184098018189,5.61072979881546,5.79133848695936,4.32396943062663,5.4132910633191,6.67967415870987,5.51992108715781,5.64540571450912,7.1244945687261,5.05240277739282,5.05062208711092,1
"GSM1100943",4.38989454552916,4.1572495796039,5.52268931785681,3.52426569666265,4.01645046458347,4.91453365679841,6.50599393306533,6.26107565701856,4.32396943062663,5.4132910633191,7.68628541423993,6.21648485491938,5.64540571450912,5.66266739016807,5.50707628666692,5.71213974755887,1
"GSM1100944",4.70885138524794,4.11999912624916,5.18765564251553,3.52426569666265,5.20193121161097,5.13352886221578,7.10086003566826,6.82345550289381,4.57955037895178,5.4132910633191,7.67304844502958,5.51992108715781,5.64540571450912,5.73758132386476,5.72784342470966,5.30453685955638,1
"GSM1100945",4.77134167722642,3.80228952686418,4.99693250515014,3.52426569666265,4.23362060494883,5.30003751102663,7.27844346568692,7.44457071414904,4.32396943062663,5.4132910633191,7.30993562964675,5.61473455703993,5.79535145031733,6.37666085578731,5.15664453669431,6.0000670487745,1
"GSM1100946",4.40925260676778,4.31794165829421,5.16527434657463,3.52426569666265,4.01777016319443,5.35641092610014,6.99091395222692,6.50893860922667,4.31821318654022,5.4132910633191,8.24656223197339,5.36055260576223,6.13890747097905,5.40962693190593,5.4565863429915,4.92863902580249,1
"GSM1100947",3.98289513110258,4.39156033613828,5.31988609100677,3.52426569666265,3.9372651388828,5.18230278891901,6.06739199805001,6.34299235653152,4.32396943062663,5.4132910633191,8.32373924167022,5.51992108715781,5.64540571450912,7.07900028390852,5.56442618796097,3.46448112370285,1
"GSM1100948",4.32941447353557,4.01586096080773,5.18765564251553,3.65569303250672,3.99680432432998,5.10437692441428,5.94510789022927,6.73422771577438,4.45365112187815,5.4132910633191,7.51318909020744,5.26379268513969,5.64540571450912,6.18367478482655,4.63144433673942,4.69427766702199,1
"GSM1100949",4.19942593457149,3.81850409202482,5.18765564251553,3.52426569666265,4.07023643191005,5.83789941833042,6.15375726838246,6.59276219288945,4.28441448930409,5.4132910633191,7.195517503406,6.79360673165665,5.64540571450912,5.78624350624866,4.28866928316248,5.31228082370898,1
"GSM1100950",3.89194405920639,3.87639445003278,5.49397801527969,3.52426569666265,3.9372651388828,5.70437349850706,5.92823522550273,6.76179972930246,4.32396943062663,5.77062688321199,6.71341944524125,6.6023494453245,5.75645411179901,5.59231852421851,6.52060193597916,5.5083454646918,1
"GSM1100951",4.32482197479208,3.97161658524958,5.50096894519341,3.52426569666265,3.9372651388828,4.87184098018189,6.57753647124117,6.4584461828106,4.32396943062663,5.4132910633191,7.25861304258545,5.51992108715781,5.64540571450912,6.11767020816786,5.13998852638302,6.15422020828939,1
"GSM1100952",4.60458918412803,4.42092861301017,5.75964429510185,3.94787162755757,3.9073547619434,5.70803958555754,6.86573539220345,6.35086301185869,4.32396943062663,5.4132910633191,7.51318479270714,5.64814997044438,5.64540571450912,6.31566886309986,4.3777488907058,5.48536912460587,1
"GSM1100953",4.66182938719395,3.87580956064121,5.59443960547041,3.52426569666265,3.9372651388828,5.39959831643938,6.37661730045443,5.88046982032826,4.32396943062663,5.46830354219898,7.25861304258545,5.51992108715781,5.64540571450912,6.04455029053378,5.30717885708034,4.50359701455513,1
"GSM1100954",4.13996655037754,2.9859320998476,5.18765564251553,4.07995453890427,3.99680432432998,5.36098642868204,6.37418331410417,6.24570497905689,4.32396943062663,5.4132910633191,7.25861304258545,5.74212238473731,5.83385839312811,5.47636454921707,5.24774035308824,6.0192829533666,1
"GSM1100955",4.31271305285616,3.87639445003278,6.11171162975331,4.20482539894126,4.15568804531205,4.85722595692863,5.44613384115295,6.08230519003308,4.38802268028074,5.4132910633191,8.1569989591269,5.51992108715781,5.64540571450912,7.27322266739383,5.41954706559397,5.64971158222997,1
"GSM1100956",4.2204800420003,3.8566578381906,5.11244113280306,3.52426569666265,3.99680432432998,5.31285196954675,5.5031776305529,6.6634920810722,4.35367936813005,5.4132910633191,7.45496009621888,5.88763386092991,6.16031206244216,7.40053404301065,5.73106239907932,5.84353537205423,1
"GSM1100957",4.87966065249903,4.29115098309407,4.97270021606815,3.38327922051378,3.99680432432998,5.66162384924048,7.2304265320767,6.38588033542391,4.32396943062663,6.59031861390185,7.47586412824494,5.99506886688045,5.64540571450912,5.30304419171185,5.78632213901148,5.93904821196518,1
"GSM1100958",4.0913732042967,3.43124409697474,4.95712173742671,3.52426569666265,3.99680432432998,4.71937939140253,6.2793540680973,6.72001755369661,4.32396943062663,6.61735609125892,7.93389583668149,6.12066570137492,5.64540571450912,6.50687504777336,5.08228682520368,5.04088198346691,1
"GSM1100959",4.38515523174887,3.57675202904967,5.04371130162001,3.1501423605135,2.35968258529656,5.15735485745843,5.85355563076169,6.43501434818431,4.32396943062663,5.4132910633191,6.24078395482162,5.51992108715781,5.64540571450912,6.14988325452746,6.16521934532241,5.32750724586753,1
"GSM1100960",4.50099615263946,4.28626918080262,5.18765564251553,4.46183943851307,3.99680432432998,4.83652104824853,4.7073663068171,6.2638030924019,4.32396943062663,5.4132910633191,6.55488274947524,5.51992108715781,6.33455700885981,7.13314076563457,4.97045833950691,6.01726948136936,1
"GSM1100961",4.81450301592528,3.97161658524958,5.18765564251553,3.52426569666265,4.85122392736531,4.87184098018189,6.50638447266003,6.89915663587755,4.73095423194364,5.33809725154559,7.43907122893291,5.26379268513969,5.64540571450912,6.3390731947913,4.97045833950691,5.30453685955638,1
"GSM1100962",4.34396966491349,3.89966525170221,5.70466071153629,3.70393208639639,3.99680432432998,4.5601839553771,5.68324014772246,6.31495398091147,4.32396943062663,6.24865278924816,7.25861304258545,6.34060148826284,5.64540571450912,6.47343664652359,4.79643836699503,6.12800799044772,1
"GSM1100963",4.96417535194512,3.90284048630822,5.355737891676,3.52426569666265,4.65470931119894,3.74629991844686,5.82684435480585,6.16117090686753,4.47221205136619,5.85908134265459,7.44694042647564,5.43716997862925,5.64540571450912,6.5074935932529,4.97045833950691,5.51784060270415,1
"GSM1100964",4.66550429209985,3.97161658524958,5.30789871148309,3.52426569666265,4.15043817968477,5.52742066599226,6.96987650300528,6.35308138235208,4.32396943062663,5.4132910633191,7.63740061384283,5.51992108715781,6.05223238919127,6.29825477180991,4.72680600449656,5.76270850123727,1
"GSM1100965",4.11678640599233,3.55810045932075,6.01069750645239,4.38369582053846,4.53918393560193,4.44866569762516,5.7650017575557,6.6718870971777,4.99646687679836,5.07693632577719,7.25861304258545,5.51992108715781,6.12973431017125,6.83653109917225,4.37167125793129,5.26215207137747,1
"GSM1100966",4.41872373040305,4.09210292812928,4.90194672323626,3.69216544811471,3.9044367002802,5.52593056145534,6.67114248234117,6.34665065964979,4.3019951832015,5.00060589967895,7.32275100617305,5.84551877197279,5.64540571450912,6.34095511544957,5.24294159075888,5.86282883895709,1
"GSM1100967",4.29051881430911,3.97161658524958,5.10171480045451,3.52426569666265,3.8865861336272,4.69286916297054,6.61436791068389,6.44925917833114,4.32396943062663,5.43478219525554,7.46057774693068,5.26379268513969,5.64540571450912,6.12830828166955,4.47825866631401,4.81523210994445,1
"GSM1100968",4.25529628324357,3.88221346012736,5.18765564251553,3.52426569666265,3.13745373354092,4.87184098018189,6.21341080621206,6.68149495799166,4.32396943062663,5.4132910633191,7.2281862107148,5.51992108715781,5.64540571450912,6.21409755222778,4.65225679200084,5.55123660027748,1
"GSM1100969",4.23618285959514,4.4776189411953,5.76659919515266,3.52426569666265,4.09823202625273,4.942075708786,6.55809918901415,6.49524031984191,4.32396943062663,5.23114173576655,7.25861304258545,5.96420295757036,5.78219259628209,6.09827407151118,4.8513146634014,5.09163930096297,1
"GSM1100970",4.26518412292761,3.97161658524958,4.88759296041266,3.52426569666265,3.85172883752523,5.26016363858562,5.75164954724419,6.36613817481778,5.62640499874552,5.4132910633191,7.2068591263115,5.51992108715781,5.64540571450912,6.30216960395645,5.19231839245058,6.00741495103815,1
"GSM1100971",4.80659859102827,3.97161658524958,5.20259058035192,3.50820208776586,3.53967403693108,4.93799277089522,7.06174857979766,5.95188322245819,4.32396943062663,5.33809725154559,7.25861304258545,5.70687632325961,5.72501317919173,5.22794521997647,5.84465304317733,5.30501422266836,1
"GSM1100972",4.33332947905889,3.87639445003278,5.0343869945497,3.38327922051378,3.99680432432998,5.03790981785759,6.13649027310722,6.31495398091147,4.32396943062663,5.4132910633191,7.78546914192564,5.51992108715781,5.92141207579563,6.47200682422273,4.9429534360545,6.52874580805494,1
"GSM1100973",4.23264566654853,4.18812277805691,4.96395041527829,3.52426569666265,3.46121343952487,5.10713851732005,6.77455322792228,6.35498113658976,4.31821318654022,5.4132910633191,7.91274163763283,5.68781554486068,5.64540571450912,6.4780873078689,6.06897407531677,4.68414938648974,1
"GSM1100974",4.1911057016976,3.05115914640094,5.18765564251553,3.38327922051378,4.0560145418185,5.11734920316424,5.30947274520702,6.34299235653152,4.32396943062663,5.49697244406977,7.25370470055738,5.92821705186262,5.64540571450912,6.90229994610547,4.63144433673942,5.0055037275769,1
"GSM1100975",4.55405438191204,4.25946343227222,5.18765564251553,3.88175734064031,3.85464229518923,4.94449638865069,6.30583518227669,6.31495398091147,4.32396943062663,5.41211539886063,7.31929957254969,5.42189153356449,5.6966940551921,6.88685462512063,5.5037119257945,5.92821044820953,1
"GSM1100976",4.61710002789689,3.87639445003278,5.34968228637793,3.52426569666265,4.91805355438167,4.67517156915132,6.39641016370595,6.34299235653152,4.6245572671292,5.4132910633191,7.25861304258545,5.26379268513969,5.64540571450912,6.25891839870859,4.97045833950691,5.28317144327489,1
"GSM1100977",4.59428108821361,4.02503900767224,5.54205681507487,3.49431151268722,3.70630680349187,5.93488218726118,7.30440367002751,6.6520132866342,4.32396943062663,5.33809725154559,7.25861304258545,5.62178581123669,5.685953206239,4.89237262886203,5.03594934553329,5.5569187123902,1
"GSM1100978",4.32641360298492,3.97161658524958,5.21820432439702,3.52426569666265,4.34568309058145,3.77895692908846,6.62608392592987,6.34299235653152,4.32396943062663,5.77840412147832,7.73119076049616,6.34530703254846,5.49329240438469,5.22467902417843,4.21213612862812,5.08962180479603,1
"GSM1100979",4.22396617378486,4.38643152943608,5.54643860178905,3.52426569666265,3.9416234173305,3.65700855038994,6.22370506252541,6.84339364205747,4.32396943062663,7.06129349407928,8.07566740407515,5.51992108715781,5.64540571450912,6.53545129550558,5.91271329413411,5.27860549573905,1
"GSM1100980",4.55087706395976,3.97161658524958,4.71299072545233,3.52426569666265,3.78693832095864,5.40130809064713,7.07106410666593,6.31495398091147,4.31821318654022,5.4132910633191,7.4032323915524,6.2667603791789,5.23354108927327,5.85732028195265,5.67168083952439,5.6099516074136,1
"GSM1100981",4.08669941553956,4.16397160402993,5.21914855714039,4.56754282440492,4.23051221503302,5.59509884740004,6.79408450609233,6.64371187113307,4.32396943062663,5.4132910633191,7.96336217441286,6.11076296407697,5.45164335536765,5.6867782775841,4.96082824999301,4.34314765587207,1
"GSM1100982",4.65297469449154,3.85469536886891,5.05022425946927,3.72622441162242,3.67322702894975,4.90937238687694,6.46985178562145,6.24025298717583,4.40547887819999,5.4132910633191,7.73131684490981,5.51992108715781,5.64540571450912,6.35923487739144,4.63144433673942,6.12002146208583,1
"GSM1100983",4.79289171467634,3.95359952341627,5.7006101174018,3.52426569666265,4.885313342398,4.87184098018189,6.09686824549186,6.41226559122618,4.35057478337738,5.4132910633191,6.74510970703299,5.36493552113117,5.64540571450912,6.11614912706178,4.65864136399923,5.30453685955638,1
"GSM1100984",4.5182972255714,3.97161658524958,5.18765564251553,3.90554487108967,4.23814958412312,5.64312216439632,6.94081112962567,6.31495398091147,4.32396943062663,5.4132910633191,7.38970857891416,5.51992108715781,5.77767158943066,6.50002188437138,5.27506554865417,3.7025593094583,1
"GSM1100985",4.70862241918438,4.07964319908419,4.97974098523564,3.52426569666265,4.07460677942899,5.77548423877611,6.78064434940651,6.59803815177923,4.59070675007114,5.4132910633191,7.67320893763241,5.0868431526807,5.64540571450912,6.05675777174355,5.3630165686689,5.62760383029569,1
"GSM1100986",4.36161800370565,3.97161658524958,4.89686068007717,3.52426569666265,3.2921369179891,5.21711099864981,6.92940581181519,6.34679257929665,4.40018110167589,5.33809725154559,8.86183078561262,5.51992108715781,5.64540571450912,6.28625066659399,5.42082940994526,5.42831511474992,1
"GSM1100987",4.49484100797809,3.97161658524958,5.28847347552547,3.826513503334,4.28759583110186,4.78202662713305,6.79627486486445,6.38163578548445,4.32396943062663,5.4132910633191,7.46855918909382,5.26379268513969,6.06011800122098,5.71088281386735,4.97045833950691,4.21482470303689,1
"GSM1100988",4.59028563540427,4.28200651646943,5.18765564251553,3.89839035323765,4.85808378199183,4.9845721083723,6.55316883609,6.33996774456775,4.32396943062663,5.4132910633191,6.26092717514362,5.51992108715781,5.64540571450912,5.87085253480876,5.49193181057466,5.45732593272293,1
"GSM1100989",4.41042975855278,4.29930843572052,5.38173328312257,3.52426569666265,4.57358368465004,5.43623112768678,6.43552119133919,6.34299235653152,4.31821318654022,7.40757984531695,7.67644390318389,5.60422757915773,5.23354108927327,6.19225397181106,5.21862058669202,4.82122630095947,1
"GSM1100990",4.22254567089242,3.78619899949035,4.79903511391883,3.52426569666265,4.15140428565135,4.84447672533623,6.8028455487682,6.46025321478912,4.4313833786385,5.4132910633191,8.39950981031795,5.46168437784962,5.45164335536765,5.1764476580516,6.26956185254326,5.7978901136525,1
"GSM1100991",4.44613943647465,3.98470394811164,5.85169581286888,4.20396538026818,4.38194886258015,5.75402460200445,7.35566447531733,6.40632694258785,4.32396943062663,5.4132910633191,7.25861304258545,5.340715155536,5.79334762183888,6.20221411839599,4.97045833950691,5.35122560443953,1
"GSM1100992",4.32754568339581,4.02201582636475,5.25765429460273,3.74568685306698,3.99680432432998,4.87591441981234,6.62881924783891,6.43992178594164,4.32396943062663,5.4132910633191,7.31836238178336,5.39657968981023,5.69396600760907,6.07479428807199,5.14136642579441,4.91265253775146,1
"GSM1100993",4.50822039821524,3.96028091794194,5.0221709831172,3.61577601681613,4.0107288990848,5.84266579506575,6.14291771322515,6.70697702155959,4.31821318654022,5.4132910633191,6.84623697846477,5.53042388289111,6.22307273809422,5.89963317927384,4.15568251053502,6.49410444424722,1
"GSM1100994",4.21454062912931,3.76259305425933,5.11287038993234,3.38327922051378,3.99680432432998,6.37382564881606,6.32017383515056,7.48499159857106,4.31821318654022,5.33809725154559,7.40020149380709,5.51992108715781,6.44416728987305,6.53461087362416,5.0775957981018,5.29685806919761,1
"GSM1100995",4.03342717179311,3.97161658524958,5.18765564251553,3.52426569666265,3.99680432432998,5.71425658775436,7.42598493815105,6.5410274936737,5.42114913775332,7.84053054788692,7.08073138825689,4.30051319527368,5.59017275163986,7.05887289334361,5.29616140073361,6.00228134617313,1
"GSM1100996",5.20603131889135,4.25200771118342,5.96978996053226,3.52426569666265,3.95355086765008,4.89805604979759,7.01710092811432,6.49077669210258,4.32396943062663,4.99772074999418,7.98148845448584,5.26379268513969,5.45164335536765,5.99770221615075,5.44153332832393,5.32267989955045,1
"GSM1100997",4.45691152841011,4.25575978881888,5.23458666919217,3.52426569666265,3.99680432432998,5.49085172715471,6.82759373701827,6.53353588229882,4.32396943062663,5.81848484755076,8.27241687430564,6.13577021249223,5.64540571450912,6.14140968229673,4.97045833950691,5.3171161405419,1
"GSM1100998",4.78787297485808,3.95314084447794,5.18765564251553,3.52426569666265,4.9810969077371,4.87184098018189,6.97868875650225,6.31495398091147,4.33138274390986,6.53701382581354,8.0627354262907,5.07302787169193,5.64540571450912,6.5060076024535,5.51547857664477,6.0998785620079,1
"GSM1100999",4.27848587677679,4.12583067467593,4.92222708376194,3.52426569666265,3.16047924406111,5.82013866236406,5.86569860904695,6.34299235653152,4.32396943062663,5.95703992004973,7.1764295601712,5.51992108715781,5.64540571450912,7.29810943931095,5.18232233878127,5.85790862726637,1
"GSM1101000",4.20585166781663,4.44061989644319,5.37606232130324,3.77583992730585,3.17483397740309,4.12141093612411,7.18651884910901,6.11959798325449,4.40479580144957,5.4132910633191,7.84869512411881,5.51992108715781,5.64540571450912,6.46685864599561,5.62226984755378,5.3808393459337,1
"GSM1101001",3.66262646724686,4.05523427381229,4.9130711925999,4.0642304753146,3.99680432432998,5.47465224000728,6.55058832894084,6.51799578332657,4.32396943062663,5.33809725154559,7.25861304258545,5.563243522222,5.45164335536765,5.37071940633184,5.66305416903914,6.34349730034395,1
"GSM1101002",4.19802379821682,4.34505558543037,5.18765564251553,3.52426569666265,3.99680432432998,5.5299750294684,6.78095578018213,6.39905791992888,4.32396943062663,5.49643700107286,7.32207967709298,6.1161455454136,5.64540571450912,5.80220648097839,4.97045833950691,6.59068004515978,1
"GSM1101003",4.41133700902211,4.23564989641876,5.52877597339649,3.85074554203139,3.99680432432998,5.46665795003961,6.5398610077462,7.13537909132972,4.32396943062663,5.4132910633191,7.7009822804279,5.74838839434732,5.64540571450912,6.4491387793353,6.14270150424056,4.81058758990177,1
"GSM1101004",4.6805894253825,4.12736144267769,6.25163512901405,5.0707817678206,4.13425435453307,5.22351387279745,6.96094120212621,6.1984448753894,4.33740997723472,5.4132910633191,6.5283719213863,5.12826586567789,5.64540571450912,5.92908602299637,5.08135619301027,5.31041566063328,1
"GSM1101005",4.68822962851966,4.5919364232076,5.07887886958656,3.38327922051378,3.99680432432998,4.83872496848247,7.52478985069144,7.00148057038778,5.30070120619592,6.19511552507666,8.22763454609255,5.51992108715781,5.64540571450912,4.98723294905061,4.63144433673942,5.64572309701479,1
"GSM1101006",4.64483537344006,4.39931375728268,5.18765564251553,3.52426569666265,4.40342270798686,5.29309053103258,7.27318511009183,6.61767622235701,4.43874913436765,5.4132910633191,7.86660626770666,5.17681701844797,5.64540571450912,5.32353939893298,5.33865915570678,4.89790522636014,1
"GSM1101007",5.11560115732096,4.00261840993932,5.85142060548594,3.52426569666265,4.08424249750688,5.21535708687778,6.91938092733121,6.06532545582079,4.32396943062663,5.4132910633191,6.9483742296433,5.9124743025373,5.68329915002787,6.01348129639363,4.63144433673942,5.78998587899958,1
"GSM1101008",4.32229627762203,4.2612564145353,5.23482539146747,3.52426569666265,3.99680432432998,5.21649150457108,6.29871258132559,6.34299235653152,4.32396943062663,5.57905032694257,7.46634217471242,5.51992108715781,5.64540571450912,6.33120575489385,4.63144433673942,5.56025781826822,1
"GSM1101009",4.33848409987806,4.26317893629123,5.18765564251553,3.52426569666265,4.61967761158723,4.32483750745649,7.36804020141448,6.85758400767106,4.54499472617867,5.33809725154559,7.26607313263496,5.51992108715781,5.71369852341292,5.15459969388161,4.97045833950691,4.89391236374676,1
"GSM1101010",4.15242814336613,2.83295216704503,5.12278970763515,3.52426569666265,4.64884669154859,5.55902460231622,6.78751876223427,6.4779253163172,4.31821318654022,5.4132910633191,7.82553429537233,5.51992108715781,7.01923797045799,6.30703164603453,4.97045833950691,4.2393375244074,1
"GSM1101011",4.68756476547648,3.94606261607398,5.18765564251553,3.58906371480746,3.99680432432998,4.28634555885639,7.29100605082593,6.57649744737202,6.14943480389659,5.29197801324329,7.65372875638459,5.26379268513969,5.64540571450912,5.53398097385119,5.39985594430423,4.60099808647516,1
"GSM1101012",4.64961456328203,4.04494854860912,4.68087846122598,3.52426569666265,3.99680432432998,5.07161993433728,6.17946432449775,6.64696233416937,4.32396943062663,5.4132910633191,7.25861304258545,5.52788247546802,6.38460389971229,6.61544344039748,5.54524082166295,5.63082193767423,1
"GSM1101013",4.26719418933776,4.36687418775144,5.4825105263664,3.1501423605135,3.89925506368296,5.30767519003063,7.86857289442879,7.06405444287967,4.31821318654022,5.33809725154559,7.54945489632358,6.3887497575409,5.64540571450912,5.05488989297226,5.58442294184029,5.32263474281442,1
"GSM1101014",4.86979568276326,3.97161658524958,5.00117093820493,3.52426569666265,3.99680432432998,5.05004220926058,7.39960644990025,6.79594058084374,4.32396943062663,5.81164864519464,7.87956200258578,5.51992108715781,5.45164335536765,5.04880747245663,4.84848741953733,5.08042012649522,1
"GSM1101015",4.31968007862197,3.95451335176812,5.15896183234347,3.73433185912013,3.99680432432998,4.87184098018189,6.41375393752782,6.34299235653152,4.32396943062663,6.01053354878253,8.04869324779544,5.51992108715781,5.64540571450912,6.04573968521854,5.82859949897926,3.69019574253247,1
"GSM1101016",4.20302762277276,3.52946767931291,5.45328600596237,3.52426569666265,4.67258004068488,5.58417132020542,5.77061858889277,6.52061909032602,4.96634102623285,5.4132910633191,7.30586153895485,6.02482310715176,5.64540571450912,6.46284264831956,5.91528112832676,5.8155905958633,1
"GSM1101017",3.90721139264363,3.7076032844511,4.91057086101261,3.52426569666265,3.99680432432998,5.85129778771119,6.19658974340128,7.32376328085701,4.32396943062663,5.4132910633191,7.25861304258545,5.51992108715781,5.64540571450912,5.04640736935542,4.97045833950691,6.05383724929112,1
"GSM1101018",4.73883470205635,3.91744855239937,6.06002114742119,3.76135259068336,4.01282722022619,4.88651906602791,7.25341007217555,6.45369594981586,4.32396943062663,5.81599370669893,7.31365693053601,5.26379268513969,5.62098001829694,6.53426276089813,4.76233281548458,5.57731312203359,1
"GSM1101019",4.48401565763197,4.40009431375483,5.18749496086107,3.52426569666265,3.99680432432998,3.78595956921615,8.18038328827689,6.72846772099172,4.73069547001881,5.4132910633191,7.68220001626823,6.04064425202982,5.64540571450912,5.17582687820127,4.97045833950691,6.84510023088507,1
"GSM1101020",3.77977392176505,3.88266525044621,5.15169451836021,4.1587729564781,4.16341545621446,4.67530764442853,6.52267125784873,6.34299235653152,4.32396943062663,6.29513773568116,7.86526284444209,5.54798659950699,5.64540571450912,6.03680178918004,5.84073834766246,5.41887475152559,1
"GSM1101021",5.00593613574954,4.47742421182624,5.66517356017023,3.52426569666265,3.9372651388828,5.62419957819264,7.36953302649642,6.55079733358849,4.32396943062663,5.4132910633191,7.02918473730235,5.26379268513969,5.64540571450912,5.82657683637695,5.55946846754634,4.33992854194021,1
"GSM1101022",4.60830603442462,3.97161658524958,5.67887863726626,3.52426569666265,4.01122783614673,5.25854279420813,7.52513568083463,6.52205227838178,4.31821318654022,5.4132910633191,7.08905469604884,5.51992108715781,5.45164335536765,5.00759338660781,5.09798854215444,5.46097782194811,1
"GSM1101023",4.57588849362517,4.18886043242352,5.18765564251553,3.55552271205032,4.63394721344626,5.73285729170309,7.5753737802543,7.12812268917697,4.41443294903032,5.4132910633191,6.21052977522309,4.71301889299906,6.74846571726615,5.0593840902411,5.47585413301437,5.13725008056842,1
"GSM1101024",4.44704704036315,3.91242439934823,5.18765564251553,4.25765834057285,3.99680432432998,4.87184098018189,6.97071983232584,6.34299235653152,4.56717251375937,5.4132910633191,8.17547446589457,5.51992108715781,7.24184461377072,7.61358541287109,5.00644320504929,5.3683484209951,1
"GSM1101025",4.32975563828172,3.65533024498001,5.04075107166586,4.16838842359207,4.43328538185415,5.05553748900777,6.65323537521161,6.92767581542806,4.39770356916261,5.4132910633191,7.25861304258545,5.54384272346654,5.64540571450912,6.03967207131674,5.36593632441244,5.87806634755387,1
"GSM1101026",4.1390475076384,3.61279361091736,5.18765564251553,3.65006198740648,4.82073097482017,5.50971986552241,5.96151465799675,6.13351688163319,4.81611949087055,5.4132910633191,7.04792370831618,5.51992108715781,6.66781464810112,6.98640777005143,5.4093282202028,4.92491347858118,1
"GSM1101027",4.45138741384966,3.85905801416785,5.14985496455099,3.52426569666265,3.99680432432998,5.88320489076846,7.03620202441572,6.8436162195679,4.67849410581975,5.4132910633191,7.76920938654857,5.51992108715781,5.64540571450912,6.49767739756307,5.91644224488073,5.49063072312695,1
"GSM1101028",4.29429644329023,4.48956284873368,5.18765564251553,3.62427357814106,3.99680432432998,4.85100985514488,7.21555158844477,5.93325404711878,4.32396943062663,5.4132910633191,7.1173510791223,5.07755994216024,5.64540571450912,6.18220907595715,5.05550744639062,4.59936384752464,1
"GSM1101029",4.57451014591873,3.97161658524958,5.56561560778772,3.65211855270638,4.29004496666523,5.48149107204766,7.56519113873662,6.10790560682915,4.32396943062663,5.4132910633191,7.13420187583237,5.49435459037235,5.45164335536765,6.13711619526511,4.63144433673942,7.02563619273224,1
"GSM1101030",4.44271923627659,4.24783911921353,5.24193938033502,4.08363659564363,4.37906738221056,5.08389234502296,6.69312175273396,6.66056840333288,4.32396943062663,5.33809725154559,6.74347594153775,5.71469036458551,6.16824992529299,6.50560231501909,4.768775433414,4.73522055975213,1
"GSM1101031",4.51276734065502,4.07258496650478,5.18765564251553,3.55742418932622,3.59678061261972,4.87184098018189,7.01071054076387,6.27386568875911,4.32396943062663,5.48998623741351,6.97017001252144,5.78553030282008,5.64540571450912,6.2005839118908,5.22312392218589,6.13333510139358,1
"GSM1101032",4.24852405852233,3.97161658524958,4.79903511391883,3.1501423605135,3.99680432432998,5.75217015718147,7.35470267898547,7.45652796078709,4.35055256781903,5.39358287109527,8.74793506460225,5.47862663229001,5.45164335536765,5.39667970884816,6.69035269324646,5.72515084706165,1
"GSM1101033",4.60944841097611,3.87639445003278,4.79903511391883,3.38327922051378,3.99680432432998,6.15975626845474,5.69246057677595,6.42190573521431,4.32396943062663,5.4132910633191,6.42084025112939,7.487392367334,5.64540571450912,6.0293595452168,4.97738867279943,5.56318381441903,1
"GSM1101034",4.14548593811146,3.92928745460055,5.18765564251553,3.59698307128838,3.99680432432998,5.3865734663675,6.33449445013067,6.51408620644479,4.32396943062663,5.33809725154559,7.79038093261464,5.82362513290561,5.64540571450912,4.8066230064705,5.77611014478309,5.30453685955638,1
"GSM1101035",4.46716688544059,4.08157919327009,5.2753274805555,3.52426569666265,4.54564839557488,4.95867078005894,7.17600940348703,6.50649486106437,4.31821318654022,5.71204178685363,7.87604158908054,5.51992108715781,5.64540571450912,6.12509042529592,5.59757051908077,5.28972980612091,1
"GSM1101036",4.61773241358038,4.23531491816551,4.33937730989603,3.38327922051378,3.9372651388828,5.63934746235752,7.71079849849199,7.13143019754154,5.1889458576265,5.4132910633191,8.04313086711863,5.51992108715781,5.45164335536765,6.34194163623447,5.69436845571275,5.43131893833027,1
"GSM1101037",4.65528074128643,4.06749752188494,5.36602212069828,3.93703518354975,4.01718968611411,5.67589127524971,7.0262948953323,6.28911646663917,4.32396943062663,4.89792560783304,7.65575348604245,5.51992108715781,5.64540571450912,6.45141549297853,4.59609163215013,5.02622744652857,1
"GSM1101038",4.08473864509308,4.34067913571454,5.44487715032415,4.03854553752421,4.17615813434973,5.48120901167664,6.88925775495092,6.19299969362233,4.32396943062663,5.33809725154559,7.59930520831738,5.51992108715781,5.99311407626689,6.3033039659944,5.07239010972951,5.35516467356405,1
"GSM1101039",4.83121520094269,4.01142359378052,5.0508451218865,3.45776474372544,3.99680432432998,4.65134970538001,7.77557429945825,6.25227186649408,4.55141807500137,5.4132910633191,7.96072019180992,5.66298654111268,5.26502243963991,6.44128378524871,5.1558761631139,6.20064996724902,1
"GSM1101040",4.1436373957708,4.32236029078346,5.18428476236042,3.52426569666265,3.99680432432998,5.2908567448195,6.50528092435699,6.34299235653152,4.32396943062663,6.31274378014754,8.03615583552778,5.81973502446017,5.64540571450912,6.51992086869226,5.51152099084394,5.39557899845518,1
"GSM1101041",4.0833931999047,4.48977413804613,5.66094108952897,4.06598187397065,4.14396961149891,5.7622122427459,6.52239141179731,6.31495398091147,4.5367234581144,5.43813843928848,7.25861304258545,5.85255542265946,5.64540571450912,7.09686240380507,4.22558107155047,6.49374243021587,1
"GSM1101042",3.73976983386513,3.18129953176396,6.03041852595306,3.52426569666265,3.99680432432998,5.3442086059868,5.80015523684674,6.85271012130969,4.32396943062663,5.4132910633191,6.77656668830397,5.56155438058709,6.856002752904,6.22803238088118,5.30833450753264,7.28675625913894,1
"GSM1101043",4.47745005117568,3.97161658524958,5.34191050377033,3.52426569666265,3.72621964154076,5.82938973758585,7.67322324713717,5.93369487715674,4.41520579134484,5.4132910633191,7.40682965635454,5.26379268513969,5.64540571450912,7.11150415230729,5.0007814360011,4.72331438002032,1
"GSM1101044",4.49932143020841,3.97161658524958,5.18765564251553,3.51217092884737,4.36285422939013,4.95729053597803,7.10538636002985,6.52258596248477,5.91031257313212,5.4132910633191,7.66717694753991,5.26379268513969,5.64540571450912,6.02954610337733,5.92028858045964,5.70762849594655,1
"GSM1101045",4.5203794746754,3.87639445003278,5.57316658782535,3.87220418913692,3.99680432432998,5.03109138101371,7.06854431034121,6.1347653969606,4.32396943062663,5.33809725154559,7.89823706383242,5.52099784149403,5.87715603534849,6.26682604506578,4.16252989144859,7.08845890672106,1
"GSM1101046",4.59700477225017,3.76670055952106,5.18765564251553,4.13411305429982,4.38538234543399,5.45443110604274,7.18830657544699,6.32419525443002,4.32396943062663,5.53694703823797,7.82986736770707,5.26379268513969,5.64540571450912,6.6087515615307,5.59999970899443,3.15951255566893,1
"GSM1101047",4.74511454758856,3.81591518019658,4.14498430154586,3.38327922051378,4.26715296284481,4.87184098018189,7.36579215859263,6.44991067656295,4.32396943062663,6.33739092665748,6.84957275526607,5.01424759987231,6.28676684145333,4.80553930563985,5.68836944105187,6.05318591461049,1
"GSM1101048",4.67842646361621,4.0072978670802,4.66336539738457,3.40545367899474,4.1574401590468,5.90383197448406,6.92328641013121,6.59306988768206,4.32396943062663,5.4132910633191,7.4621798570468,5.69231793707753,5.50777512602125,5.53640827546239,6.04195752781963,6.53859768718519,1
"GSM1101049",4.95871839544996,3.97161658524958,6.3898184222639,3.52426569666265,5.1284145692253,5.1477752283445,8.09934898290179,6.10465916981304,4.32396943062663,5.33809725154559,6.76786752315995,5.51992108715781,5.56563460072559,5.25616371888408,4.97045833950691,4.24357626272311,1
"GSM1101050",4.18989790864387,4.28236132446285,5.24586788397203,3.49172182499908,3.97540691528111,5.34536569525036,7.17108110458651,6.10263718539894,4.32396943062663,5.4132910633191,7.4733109437328,5.92479200370876,5.64540571450912,5.72255083735753,5.05256146439484,4.77629767379858,1
"GSM1101051",4.40252904466974,4.26025255388683,5.18765564251553,3.52577723272242,3.48080796558226,6.01420045788608,7.21934038026343,6.31495398091147,4.35298821964677,4.89965651104083,7.48208786968162,6.24445699794268,5.64540571450912,6.09034767208448,5.53018330625185,5.92446647095385,1
"GSM1101052",3.56133641471148,3.30340801995737,5.22721188881589,3.1501423605135,3.84582977551362,4.87184098018189,7.63674420392801,6.48377324453769,4.41926089259397,5.4132910633191,7.79314642836184,5.26379268513969,5.64540571450912,4.80840822975068,6.88765281953505,5.32030799699843,1
"GSM1101053",4.42642582027544,4.06965895617265,5.03590446293375,3.52426569666265,3.99680432432998,5.1188118838836,7.05828505173512,6.34299235653152,4.32396943062663,5.33809725154559,7.59179688202968,5.75520055720546,5.64540571450912,6.41028665141756,5.6846164780798,5.30453685955638,1
"GSM1101054",4.63511481516335,3.97161658524958,6.1090331433752,3.52426569666265,4.04066108014388,5.98142416427443,6.8450791292801,6.4345912279352,4.43101775577654,5.4132910633191,6.88293576359558,5.65202072336959,6.08999255566556,6.53761307659087,3.89157244232992,5.1397042838459,1
"GSM1101055",4.22754949113876,3.97161658524958,6.13581847247228,3.81550440461715,3.9372651388828,5.52676340459033,6.42659786537507,6.34299235653152,4.32396943062663,5.4132910633191,7.25861304258545,6.04339795123602,5.64540571450912,6.46201162478657,4.52575712854881,6.6427221003755,1
"GSM1101056",4.27575618716995,4.14882661372843,5.18765564251553,3.55859150392962,3.99680432432998,5.22750783321794,6.85074751221808,5.82024063519241,4.32396943062663,5.4132910633191,7.6260598772767,5.51992108715781,5.95399703134697,6.37301042326153,4.97045833950691,4.76061273980338,1
"GSM1101057",4.13970822698297,4.56541765010386,5.45465943794837,3.1796700174431,3.99680432432998,5.35158348145457,7.2854750385159,7.22096344354593,4.31821318654022,5.4132910633191,7.59933358741316,5.51992108715781,5.45164335536765,5.8967069358929,5.71329456925761,5.65068539354588,1
"GSM1101058",4.35180599361226,3.90128591657451,4.93511719775668,3.48521146035712,3.24481894884109,5.5191925225461,7.37476666325539,6.51591541077049,4.32779608674969,5.33809725154559,7.66567475376937,5.51992108715781,5.64540571450912,5.27455084874506,5.41969518433695,7.37316302813425,1
"GSM1101059",4.53430322790402,4.51015373155189,5.18765564251553,3.66565659478139,3.70951064240007,5.72048814456733,7.84897706717365,6.33443707422419,4.4106577508184,5.4132910633191,8.48150979156072,5.51992108715781,5.64540571450912,6.26022867266918,4.97045833950691,6.02778079987449,1
"GSM1101060",4.36645751989423,3.09185612434165,5.18765564251553,3.84660509778179,4.22039491674439,4.92915965764832,6.19653752181437,6.34299235653152,4.32396943062663,5.43690296955299,7.03987702856383,5.70744159630073,5.64540571450912,6.08943271486485,4.6914990847197,6.49565099100302,1
"GSM1101061",4.19473524557923,3.87639445003278,5.79337881933089,3.17624612508071,4.40711189210608,4.5735233060886,6.90591216879613,6.88104133403019,4.32396943062663,5.4132910633191,7.54325233443893,4.84800004756366,5.64540571450912,6.45326467389996,5.53837862384169,5.30387420480764,1
"GSM1101062",4.63171017734137,4.0671276728575,5.91288929421456,3.52426569666265,3.93129847817489,5.02773205625166,7.90902355019884,6.31495398091147,4.32396943062663,5.0944836601817,6.68823304663313,5.15136861688096,5.64540571450912,6.06186639003792,4.94145479973164,5.54900805576346,1
"GSM1101063",4.30444922366038,3.87639445003278,5.53395863779611,4.90370194549105,4.00131099667668,4.91014216887397,6.14067180239065,6.33712322014354,4.32396943062663,5.33809725154559,6.9581969473274,5.26379268513969,5.92106169284412,5.24634406387214,4.97045833950691,4.65808932985767,1
"GSM1101064",4.31936366724323,3.51214478597178,4.79903511391883,3.50851234245201,4.78458939443593,5.81285619657598,6.99215022081951,6.31495398091147,4.32396943062663,5.4132910633191,7.49626846095894,6.50530800831151,5.64540571450912,5.91386143088907,6.06293423528172,5.97707514730685,1
"GSM1101065",4.4801113412381,4.25829755275894,4.88949765464609,3.52426569666265,3.77993340482883,5.65181706813551,7.22867411675262,6.34299235653152,4.32396943062663,5.4132910633191,7.56920195707309,6.4005780203495,5.54456363631331,5.65706982394761,5.38109534918966,6.24411825706563,1
"GSM1101066",4.47119733324026,4.20255742897314,4.4903937292013,3.52426569666265,4.57714322178163,5.46313448404212,7.44388081579818,6.59866857102204,4.32396943062663,5.4132910633191,7.40943672126486,5.51992108715781,5.64540571450912,4.86197725287785,5.02385121992475,6.79591233928568,1
"GSM1101067",4.05348032829887,3.54125295394131,5.60034477709311,3.70486086325332,4.29296799142,4.87184098018189,5.64847771224809,5.76139742884583,5.4200878786895,6.11750820291177,6.21052977522309,5.51992108715781,6.24916628044051,8.4503921555381,3.66083765202784,6.44397550343207,1
"GSM1101068",4.66316689106199,3.95219266985148,5.18765564251553,4.08561902994831,4.36169435980131,5.76888859011376,7.89694214313809,6.65666834075881,4.49203543517817,5.33809725154559,7.73999647803279,5.15626583417607,7.38957026551445,5.32247314189128,5.84405529271801,6.6068643995223,1
"GSM1101069",4.18202552606769,4.28966125381312,5.60914177841935,3.52426569666265,3.57585686488776,5.99405226256996,7.34163251624837,6.32422580608897,4.32396943062663,5.4132910633191,7.41319084425932,5.51992108715781,5.64540571450912,6.58800347481032,4.55933974896279,5.40738778098031,1
"GSM1101070",4.81485828809414,4.31231324259906,5.18765564251553,3.45891430602487,4.70006594397764,5.38752765236721,7.71694532865219,6.52463923247115,5.08384562977887,5.18984802593654,7.99866943804738,5.51992108715781,5.64540571450912,5.37625581828173,4.97045833950691,4.71550596582163,1
"GSM1101071",4.25520012116031,3.97161658524958,4.79735012304494,3.38327922051378,3.99680432432998,6.32228948223418,6.99735681232578,7.40378724331352,4.32942224456526,5.9475646664053,8.33890345520351,5.53987474876278,5.46299353860498,6.55254970517183,5.77766414435937,5.97652158716067,1
"GSM1101072",4.61871406955776,4.12400573371393,5.18765564251553,3.52426569666265,4.78715107999643,5.76540440147503,7.51287176988168,6.3759002237908,4.63276728331572,6.56918166844313,7.99918271682,5.11650206974859,5.64540571450912,5.70343502878693,4.97281104237469,5.04606805370342,1
"GSM1101073",4.67958150033121,4.49825212719041,4.15713046049152,3.52426569666265,4.46947138563169,4.90645641306864,7.34565771204715,6.62984266395509,4.36307281978866,6.65633501422464,7.63574230479229,5.51992108715781,5.64540571450912,5.65808457668058,5.54817542886946,5.46445700764579,1
"GSM1101074",4.41772119461736,3.99966797027135,5.54220065050028,3.52426569666265,3.99680432432998,5.03853876194499,6.55378660938136,6.23874283830062,4.33656335051062,6.21683824514784,7.03597241774926,5.51992108715781,5.64540571450912,7.11232177378312,4.99247001838966,6.20470852656862,1
"GSM1101075",4.54355257324503,3.87574192976466,5.21302168736394,3.38327922051378,4.29814701447282,5.20082022598368,6.799544521505,6.60972791809503,4.32396943062663,6.17250042877652,7.07365788607116,5.51992108715781,5.23354108927327,5.90334795321811,5.97174987625951,5.44895047849143,1
"GSM1101076",4.41179124349687,4.56501790786847,5.59696696653874,3.45623337123221,3.93786072129027,5.4523665592265,7.9330647550336,6.43777916191925,4.32396943062663,5.33809725154559,7.97706642012334,5.91841348912588,5.64540571450912,5.94229546912045,5.32889850782353,6.63241418512044,1
"GSM1101077",4.57138413310116,4.49880542646203,4.81282246137323,3.52426569666265,3.94663882108039,5.69096273553534,7.59238089384247,6.90173926550174,4.31821318654022,5.41485487854764,7.60636031701058,5.97357348967503,5.64540571450912,4.60769778830391,4.85058760392607,5.95314212995078,1
"GSM1101078",4.66809661853289,4.00669447152663,4.88895820243953,3.52426569666265,3.99680432432998,6.23175219989466,7.9547671489088,6.60996300951857,4.32396943062663,5.42503666913955,7.14732486862986,5.75455049447859,5.64540571450912,4.93421096164035,4.64662426065169,5.58493179007063,1
"GSM1101079",4.46880645969009,3.98171942140164,6.22689317034054,3.66008112115974,3.99680432432998,5.21732209291039,7.70659957810598,6.39919680379266,4.33931385066036,5.39210851023388,7.59285880872355,5.21414981410984,5.64540571450912,6.24350459707893,5.04331057109854,6.2393715448587,1
"GSM1101080",4.37654633885919,4.40066168378242,5.18765564251553,3.71636307665044,4.3490746245665,3.67638675038009,7.51024201415835,6.38217013590886,4.32396943062663,5.4132910633191,8.2709937717097,6.42949416715657,5.45164335536765,5.85132214836588,5.87982244264899,4.71536270619886,1
"GSM1101081",4.47235934611775,3.85661491747146,5.10096912559616,4.09892191974335,3.68415397892213,5.29433140514464,6.70025137089025,6.28982533722126,4.32396943062663,5.4132910633191,7.3239003257552,5.51992108715781,5.93571018603356,5.6972601056637,4.86105876662483,5.60153726221623,1
"GSM1101082",4.23170517740759,4.26653189670237,5.21602491783875,2.99000616420564,4.20292239032268,3.67892832684569,6.84931347114178,6.41008561905693,4.31821318654022,5.77743310951503,8.41810260355234,5.51992108715781,5.72163445781883,6.76975152005625,5.22149796046616,5.72889462649784,1
"GSM1101083",4.36856360203023,3.97161658524958,5.18765564251553,3.27130614467806,3.64933831963183,5.25989571028806,6.846966170021,5.85940651209174,4.32396943062663,5.4132910633191,7.49777937950346,5.26379268513969,5.64540571450912,6.61739352481322,5.60060342280032,5.66976974514019,1
"GSM1101084",4.18225418095149,3.91122906116375,5.62407308999941,3.39201023471835,3.96984425825705,4.14038177339675,6.54228813071363,6.52517964120377,4.32396943062663,6.42311175723427,7.39862986026917,6.99191347505217,5.59151300732769,6.66662011277345,4.98919253458799,6.19987772472145,1
"GSM1101085",4.31119520729795,3.93961934943248,5.42582352917703,3.52426569666265,3.72919846096668,5.92467059377278,7.40388654573734,6.34299235653152,4.32396943062663,5.4132910633191,6.03676389866213,5.51885339249088,5.64540571450912,5.93906912298146,4.68988640159192,5.10626446234833,1
"GSM1101086",4.72788649715772,4.26177819261964,5.27181689760881,4.27189005454012,3.96231476717218,5.06811151748731,8.50907113326514,6.31495398091147,4.31821318654022,5.30208165774889,8.53134208950885,5.75500563868934,5.64540571450912,5.06619578204556,5.26063282687927,6.44583443470439,1
"GSM1101087",4.53878187137294,3.72425671939742,5.18765564251553,4.21379260875194,3.9372651388828,4.92638193029478,6.86901004013254,5.99451582978765,6.20539387351338,5.4132910633191,6.55901780040685,5.26379268513969,5.64540571450912,8.2672691592132,3.78856685757941,5.99791526535396,1
"GSM1101088",4.39694426587939,3.98772695499237,5.18765564251553,4.23493452728369,3.9372651388828,5.05536394889685,7.35187935862792,6.56196966753738,4.32396943062663,5.6474608709874,7.89682584498714,6.10569082050084,5.78956390203818,6.39199517120347,4.99472236933138,7.55632066672478,1
"GSM1101089",4.31086245017914,3.97161658524958,5.05229932323026,3.52426569666265,3.58198458088937,5.52052719506488,6.76894076871825,6.34299235653152,4.31821318654022,5.4132910633191,7.69905577241974,6.20697620470324,5.64540571450912,6.14573128480022,4.97045833950691,5.85843057837774,1
"GSM1101090",4.54801190232338,3.68547602925945,5.04110331028211,3.52426569666265,3.24194738524319,3.70684908473765,7.26607753287495,6.42753880047973,4.32396943062663,5.51376484714258,7.87819996538982,5.26379268513969,5.64540571450912,5.65288308397508,5.48323068380695,6.07357235972137,1
"GSM1101091",4.6164179575122,3.91707964094619,5.33095569983225,3.98208824328857,3.9372651388828,5.22872275079316,7.39373482951242,6.52085170117308,4.32396943062663,5.4132910633191,7.58310116503658,5.55004750444214,5.64540571450912,6.72669088140845,4.59634530422351,5.72266478357516,1
"GSM1101092",4.76969013695129,4.00925241921601,6.48102358672163,3.38327922051378,4.79211070815346,4.76217887258522,7.59792027721362,6.93891854682444,4.32396943062663,4.89792560783304,7.44235389842412,5.50641764714409,5.64540571450912,5.53353153974408,4.97045833950691,5.26877527645359,1
"GSM1101093",4.14527453128687,3.87440379885493,5.4626591884869,3.82669449921901,3.99680432432998,4.98064976890917,6.31529081750002,6.57044050788076,5.85532145137692,5.47179264765106,7.78099536454,6.55789736658234,5.59005258281246,5.62432831575203,6.01160689795757,6.26115646990453,1
"GSM1101094",4.67145566675302,3.97161658524958,5.18765564251553,3.46617383956006,3.75660711481296,5.94793850822286,7.97243407973103,7.3670223332327,4.32396943062663,5.4132910633191,7.90938543784014,5.51992108715781,5.45164335536765,6.0662868661152,5.70698859824181,6.56575861810308,1
"GSM1101095",4.06569483386901,3.91323935684624,5.46903248866575,3.56406340360789,3.96247879457353,5.98067113738913,6.74793647698026,6.02469953484579,4.32396943062663,5.4132910633191,7.20602137532747,5.57488142918766,5.79214642912467,7.63888695120422,4.99189924708757,6.20734333707057,1
"GSM1101096",4.47254750704163,4.40454498982344,4.97294687282669,3.52426569666265,3.9372651388828,5.49943690538046,8.17280965876635,6.34299235653152,4.32396943062663,5.18748107235454,7.25861304258545,5.99409441144097,5.64540571450912,5.28382960583409,5.63931009219132,6.64426743723359,1
"GSM1101097",4.86183102334228,3.98480055678517,4.57447814198264,3.38327922051378,3.9372651388828,3.71916216575438,7.79267316027734,7.53712983089567,4.32428991486673,5.4132910633191,7.88835535729232,4.82486910459156,5.64540571450912,5.98627916233142,6.05652462795833,6.0168900521261,1
"GSM1101098",4.49123347423698,4.0336356491215,4.98023264008925,3.52426569666265,3.99680432432998,5.79466591534929,7.47904242680039,6.88335394927954,4.32396943062663,5.4132910633191,8.21017854659381,6.05035658947113,5.64540571450912,6.08830190261388,4.67872705608542,7.50928944192601,1
"GSM1101099",4.5207100886737,4.21506606004624,5.49539788999235,4.21549001165018,3.99680432432998,5.78491910586754,6.93592585317922,6.64358937006739,4.31821318654022,5.4132910633191,6.18411584147596,5.59664825774591,5.79237859339254,5.83550793422446,4.97045833950691,5.94324681948351,1
"GSM1101100",4.38858992725554,3.11926229965293,5.00254939415299,4.28782344112479,3.99680432432998,5.08100691400408,6.14266721579497,6.44911151205672,4.32396943062663,5.57026232392406,7.22833865159506,5.75866017702166,6.0991610726017,6.7674758448494,5.1028648894623,5.77934636452107,1
"GSM1101101",4.48295060149112,3.97161658524958,5.18765564251553,4.85080067753404,3.84317343080258,5.20112594057662,6.40464248877552,5.91011669510474,4.32396943062663,5.4132910633191,7.75684620165428,5.51992108715781,5.64540571450912,6.88236137339888,4.97045833950691,5.30453685955638,1
"GSM1101102",4.5391626391593,3.97161658524958,5.12352850331391,3.81276347283553,3.41116700273845,6.13071499537299,6.90481184612205,6.6899513500814,4.4441233775429,4.97301707189548,6.77463403191272,5.26379268513969,5.64540571450912,6.81639903151058,5.1306894457822,6.52420853157405,1
"GSM1101103",4.14179054097089,3.79389588364813,5.18765564251553,3.52426569666265,4.06528914980427,5.74430566447433,7.15780121795698,6.70677537648755,4.32396943062663,5.4132910633191,7.47411183934293,5.52290687459763,5.92286277739355,6.5145437242914,5.36529312898124,6.14364479980645,1
"GSM1101104",4.63422046639285,4.057738486011,5.00343792273462,3.52426569666265,3.5888961409576,5.78972021553324,7.85571024552487,6.56019932048928,4.7278362621338,6.81432603566599,7.37669174638884,5.28971177440517,5.45164335536765,6.16221243029517,5.07535949550674,6.60580521577225,1
"GSM1101105",4.12425050650653,4.08319225704022,5.26493295662574,4.31474155831325,3.9372651388828,5.87245684682092,6.65937175224541,6.10607213090041,4.32396943062663,5.4132910633191,6.83886162946862,5.46620883371845,7.80297390011062,7.77681206206138,4.97045833950691,5.94679755559584,1
"GSM1101106",4.31540489185132,3.97161658524958,4.97536193118673,3.77407362647409,3.99680432432998,6.02571760687357,7.64738620769338,6.50615648779036,4.32396943062663,5.4132910633191,6.76090130205674,5.51992108715781,5.64540571450912,5.82543375622505,5.19471193989585,6.10591724539657,1
"GSM1101107",4.56734335138932,3.97161658524958,6.52726162790532,3.8677399534139,4.94522882312097,5.85187387301252,7.43763040959966,6.31495398091147,4.32396943062663,5.47614417444234,6.19212115034394,5.51992108715781,5.64540571450912,5.59167426502361,4.97045833950691,4.94298683035057,1
"GSM1101108",4.88738298130833,3.97161658524958,5.18765564251553,3.52426569666265,3.99680432432998,5.27198115775682,7.13132084352722,6.76800459316503,5.63373195491167,5.4132910633191,7.02597737904178,5.26379268513969,5.64540571450912,7.20659995311626,4.63144433673942,6.7718859532089,1
"GSM1101109",4.34943345204092,3.36340050136769,4.67954486162293,3.45379871657644,4.00405358120465,5.33208195835322,6.49758152199943,6.31495398091147,4.32396943062663,4.89792560783304,7.6328702607246,5.78256283031026,5.64540571450912,6.21310452789746,5.23152263801545,5.31858648551864,1
"GSM1101110",4.22030979730395,4.03971345226029,5.33347979429869,3.4282888820242,4.14868507790938,5.43050245224308,7.39412015844656,6.36958075701437,4.32396943062663,5.4132910633191,7.25861304258545,5.53444194723631,5.64540571450912,5.19723738172671,4.96658362201455,6.2315263431248,1
"GSM1101111",4.46449929049738,4.13629099279105,4.55697829723758,3.38327922051378,3.99680432432998,4.89252752437425,7.92617933060742,6.8680963543823,4.35367936813005,5.4132910633191,8.24773669170183,5.33431990784208,5.64540571450912,5.08288209465838,5.7452167153347,6.70213619210321,1
"GSM1101112",4.700555185123,4.21656371466553,5.54560421505046,3.65421771948102,3.86688296664316,5.59948367138086,7.51652629313531,6.4523713880924,4.32396943062663,5.45524609485824,7.2236427892118,5.96463746785568,5.88555742211693,6.74191633517697,4.76861176221037,7.41822565455146,1
"GSM1101113",4.45573048179467,3.97161658524958,4.88476559133839,3.7394321561717,3.81630582453538,6.21408454826232,7.18599580486749,6.34299235653152,4.32396943062663,5.74453699164493,8.03295484999707,5.51992108715781,5.45164335536765,5.3019058365359,5.61090111335872,5.12508844585472,1
"GSM1101114",4.35597568215103,3.97161658524958,4.86336449757319,3.937191170966,3.8429626863204,5.94218692165859,7.16381036694426,6.35669284296566,4.32396943062663,5.4132910633191,7.12239486699367,5.51992108715781,5.64540571450912,6.8702011527099,4.98790738196982,6.33432603909969,1
"GSM1101115",4.31859886574671,4.05661760420506,4.79903511391883,3.38327922051378,4.4489580714831,5.21923864421096,7.02960765313483,6.64744230484641,4.32396943062663,5.03359084541801,7.67989968267952,5.51992108715781,5.45164335536765,6.42144247632709,5.43662247745193,5.5373184657407,1
"GSM1101116",4.26126504367065,3.96916577963039,5.30023853403385,3.74007358131066,3.50640241103368,5.79491323915723,6.55732081074497,6.31495398091147,4.32396943062663,5.28630731952612,7.42314066165127,5.83154372541568,5.64540571450912,6.2705091962952,4.69001849080868,6.90766436180074,1
"GSM1101117",4.25316439537754,3.87639445003278,5.18765564251553,3.52426569666265,4.04530173291775,5.7367818661757,6.692127243773,6.34299235653152,4.84967401806396,5.4132910633191,6.34384146425375,5.51992108715781,5.45164335536765,7.35353235465716,5.21701530819498,5.93764644208423,1
"GSM1101118",4.40074231898189,3.97161658524958,6.26430079593211,3.69147003331593,3.99680432432998,6.14582870241315,7.12238963786938,6.23482796526923,5.61618723063129,4.96658637762914,7.04828190227042,6.61727144166109,5.64540571450912,7.73408195289142,3.62840506431141,5.59641947673643,1
"GSM1101119",4.77549397726155,4.26845311610239,6.22338301830613,3.53248010274353,3.99680432432998,5.75718531955544,7.82363223334391,6.34299235653152,4.31821318654022,5.4132910633191,7.76519178690797,5.51992108715781,5.77072149738207,6.20877334850735,4.97045833950691,5.57092549130325,1
"GSM1101120",4.23992712153084,3.87639445003278,6.39174192765061,3.99543547297849,4.47584871391579,6.28407975374257,6.89881775696324,6.34299235653152,4.32396943062663,5.4132910633191,5.97125101072707,6.15716303544979,6.06880144643942,6.98783091009008,4.63144433673942,7.58659269415239,1
"GSM1101121",4.74895047928336,3.93995344940334,5.01491555432775,3.44282237430288,3.99680432432998,5.21447113562771,7.76252976004196,6.71789656365725,4.33696974894465,5.4132910633191,7.83490248058759,4.69911975065917,5.45164335536765,4.84546642364122,5.40344402884417,5.30453685955638,1
"GSM1101122",4.81258699628716,4.23007922344454,5.81146541719846,4.74572439429865,4.80203100809135,4.71546865879933,7.48070256132031,6.21849167167837,6.03479982164055,5.4132910633191,7.7199792713987,5.30741593322687,6.99332231271167,6.2655179829755,4.63144433673942,4.63372526831575,1
"GSM1101123",4.56840193056505,3.97161658524958,5.40636785016184,3.52426569666265,3.9372651388828,5.40675676289747,6.6191881688468,6.55864512794841,4.91626825012225,5.4132910633191,6.10243263671099,5.73924737941512,5.64540571450912,6.11275892050658,5.41492721370954,6.55231048363802,1
"GSM1101124",4.20744749612866,4.04077292021179,5.19082883626371,4.20204597706013,3.9372651388828,4.65945811380522,6.88954537286959,6.91932329028212,4.31821318654022,5.4132910633191,7.80241363110398,6.38646027754879,5.45164335536765,5.60354936803724,5.33520314771922,6.3945666801686,1
"GSM1101125",4.47685872787689,4.32682935001281,4.83003414655848,3.52426569666265,3.84748387826515,5.87210059794545,7.25095914011031,6.29237199283126,4.31821318654022,5.4132910633191,7.5387839092362,5.73674197011291,6.42830328318803,6.81838090934525,5.4405595514059,6.48918707542919,1
"GSM1101126",4.31820080655387,4.24199243754211,5.34202102102595,3.55836124544315,4.52854409158582,4.93371370410199,7.39405511208247,6.34299235653152,4.32396943062663,5.4132910633191,7.6268551204989,6.74170329085436,5.64540571450912,6.94207773455901,5.14633281401536,5.81074931463949,1
"GSM1101127",4.51923316010269,3.75152604570137,4.64587882128876,3.52426569666265,4.06562873457724,5.49906450409085,7.48457519033959,6.46741535429256,4.32396943062663,5.4132910633191,7.27793219286728,5.51992108715781,6.00793770845162,5.38861476539378,5.46099130318051,5.71697179251259,1
"GSM1101128",4.4786625311631,4.11348589076242,5.64021130980167,4.00831937255685,3.99680432432998,6.29983975692879,7.62517935195631,6.55613475533757,4.28441448930409,4.96928760441044,7.27598481399999,5.53065139187203,5.64540571450912,6.05468570275208,4.72554561881289,5.77960513055241,1
"GSM1101129",4.52787534664876,3.92570258023956,5.40191757896284,3.52426569666265,4.91173578574073,6.0340645136935,7.72234252582714,6.31495398091147,4.43482112742471,5.4132910633191,7.25861304258545,5.51992108715781,5.64540571450912,5.38275770736701,5.43446285979216,5.30453685955638,1
"GSM1101130",4.26636304937279,4.22091707778706,4.95724684199117,3.38453870069818,3.51384992642429,5.88033763759135,7.5947899736952,6.31495398091147,4.32396943062663,5.4132910633191,7.76552460599869,6.11721406823842,5.64540571450912,6.04605905772576,5.12468301225107,6.95835987195489,1
"GSM1101131",4.37527423678471,3.87639445003278,5.98638853478799,3.88773736277788,3.99680432432998,5.64763812471124,6.98432477499272,6.31495398091147,4.32396943062663,5.33809725154559,7.21855861884649,5.43165076188032,5.64540571450912,6.48850297506231,4.59952316309504,5.75284178644403,1
"GSM1101132",4.38039290609564,3.91371328924653,5.18765564251553,3.44429583840266,4.29346964549789,5.58904143001334,7.08168775133041,6.31803779950603,4.32396943062663,5.33809725154559,7.25861304258545,5.51992108715781,6.14014385012863,6.35256636873523,5.44252809118375,5.52635707956549,1
"GSM1101133",4.13398008896658,3.78038209946786,5.62415985818199,3.60792764150953,3.99680432432998,5.95569769200919,7.56860804625838,6.31495398091147,4.33351517161143,5.45092782774041,7.94280731776314,5.90894617133246,5.52208232263221,5.04322101608548,5.44245604223602,5.82235845823135,1
"GSM1101134",4.42028222988714,3.87639445003278,5.18765564251553,3.52426569666265,3.99680432432998,5.20977106776058,7.58972712398752,6.0015161679048,4.32396943062663,5.33809725154559,7.49637273743287,5.35755369569951,5.84796888221502,6.01158853441148,5.18788318685544,6.67439175944329,1
"GSM1101135",4.32251775367471,3.64743704639907,3.95534928403759,3.69231681825059,5.14381954392433,5.44142183579756,7.44575935505272,6.31495398091147,4.31821318654022,5.4132910633191,7.4823744318185,5.80629152791343,5.64540571450912,5.83875797269721,5.23318184808835,5.81305483469484,1
"GSM1101136",4.26207420435965,3.87639445003278,4.80376997936493,3.52426569666265,3.9815859741146,4.87184098018189,7.9422871037215,6.02976272304257,4.68350596957337,5.4132910633191,7.63535346489634,5.48923648162795,6.34922428616715,6.31363424100731,5.01617278753319,6.00949512820077,1
"GSM1101137",3.91355321707076,3.97161658524958,4.9707543577226,3.52426569666265,3.88841996809707,4.2026165835743,7.26187490119464,6.40048503739179,4.68023595514145,5.33809725154559,7.26371431435365,5.40354597870281,5.75077054859556,7.04404970585922,5.37814124197973,5.30453685955638,1
"GSM1101138",4.38719698215414,4.34128194559556,4.21437115102936,3.52426569666265,4.10478334498863,5.10270898574317,8.10859810238555,6.73746483708674,4.32396943062663,5.47216155828944,7.12592236875542,5.28418500441627,5.59926397877671,4.63178737859396,6.11723490854683,6.07603593381083,1
"GSM1101139",4.29552396891079,4.14433138381289,5.07949692574901,3.53803205991324,4.36566467159061,5.84802366012314,7.44992581073569,6.49643671775812,4.52007308956859,5.2688165186235,8.15424213852203,5.51992108715781,5.64540571450912,5.61646355801186,4.97045833950691,5.27397588194818,1
"GSM1101140",4.11011478298234,3.46436988677998,5.00938195625615,3.52426569666265,3.60703344878624,3.67638675038009,6.95419511725458,5.76939076593723,4.47471980147256,5.4132910633191,6.60005837644713,5.51992108715781,6.19516318081626,6.9230531660063,4.63144433673942,6.37604468374484,1
"GSM1101141",3.99847531189969,3.97161658524958,5.36240240515152,3.52426569666265,4.23096989573513,6.04471141421045,7.27129185490353,6.56416061777234,4.32396943062663,5.25536913225723,7.07985398629477,6.31314967045509,6.0630300033509,6.44681252854116,5.54506546034699,7.24637862628559,1
"GSM1101142",4.50161104178971,3.97161658524958,5.66685484668817,3.52426569666265,3.9372651388828,6.99669137880466,7.67978704009283,6.4996667357803,4.28441448930409,6.34488754308005,7.25861304258545,6.11337172578697,5.64540571450912,6.23234378681053,5.25924236646691,6.11002611316956,1
"GSM1101143",4.33621861089533,3.79544331745022,5.18765564251553,4.82860336035233,3.99680432432998,5.48877229500496,5.81437271376206,6.31495398091147,4.49383953917172,5.4132910633191,7.35943224726178,6.20029211339019,5.68832632562573,6.59166398214131,4.97045833950691,5.69294163025626,1
"GSM1101144",4.0819749270937,3.97161658524958,4.90674453938127,4.68355277733742,3.93735924743135,5.99021228580391,7.16192333045748,6.87274004461977,4.32396943062663,5.4132910633191,6.44395919931234,5.88213363890412,5.64540571450912,6.23345625156071,3.68811317843712,7.47776518596029,1
"GSM1101145",4.54795453142553,3.3380095790743,5.12684161419532,3.52426569666265,4.3722997312358,5.24379306402647,7.00119135305764,6.40276728749564,4.32396943062663,5.38016669697166,7.16617590470271,5.25488360871699,5.87355418754077,7.03580778213713,4.77835488339791,6.34438872190626,1
"GSM1101146",4.69115492947523,3.57214708444445,4.93355741606117,3.52426569666265,3.99680432432998,6.50711550598128,6.86037297523991,6.41299020156808,4.31821318654022,5.53505168637409,7.42643775557795,5.44249371911663,5.64540571450912,6.32487748381174,5.7146477227526,8.10069737343714,1
"GSM1101147",4.54372364077108,3.97161658524958,5.57674807369815,3.52426569666265,4.42820790915584,5.62413077387404,7.41334006325361,6.34299235653152,4.47589040723355,5.4132910633191,7.25861304258545,5.51992108715781,5.64540571450912,6.28428853789952,4.86129545160608,6.01130161718664,1
"GSM1101148",4.88560606184303,3.59260696813569,4.97747830317534,2.78312615424201,3.99680432432998,5.54663905601181,8.07344109481775,6.31495398091147,4.32396943062663,5.37958879746016,7.09002919898146,5.51992108715781,7.14444828240431,4.42330807445402,4.6800303176274,6.37119699774208,1
"GSM1101149",4.732589812353,4.2965723045489,5.36743580089525,3.56048822762029,4.33861405160706,4.63643105270468,7.83638268357962,5.85797482136217,4.32396943062663,5.4132910633191,7.25861304258545,5.95665343150316,5.64540571450912,5.86728003377482,3.70757254450134,6.04782310689316,1
"GSM1101150",3.89892809749333,3.74683080928957,5.83338376519755,3.9628487649086,4.33385441995604,5.18572933370488,7.60937716928744,6.31495398091147,4.32396943062663,5.4132910633191,7.52571084955492,6.22344395524108,5.45164335536765,5.86564963067211,4.72783905174468,5.30453685955638,1
"GSM1101151",4.24247945072762,3.99238509579482,4.79903511391883,3.52426569666265,4.67230617718611,5.84377468405044,7.91553581704036,6.31495398091147,4.32396943062663,5.4132910633191,8.19476348192364,5.73889446341341,5.64540571450912,5.80798266710285,5.24372597795359,6.34872728587664,1
"GSM1101152",3.98120662381233,3.31785620239393,5.18765564251553,3.74082764335084,4.40633816214029,5.30514006402911,6.27596869379849,6.34299235653152,4.60049212563771,5.71965658878049,7.67230069879992,5.48592407303425,5.64540571450912,7.12830977737123,4.66026335793758,5.42249871361385,1
"GSM1101153",4.3711496153494,3.51482697242822,4.79903511391883,3.52426569666265,4.07617959316763,5.65143200300136,7.08252396570371,6.47466954279231,4.32396943062663,4.96658637762914,7.54480079248359,5.35761389629385,5.64540571450912,6.3993942390569,4.58251451709981,5.67864979312515,1
"GSM1101154",3.78145594411409,3.7097291087582,5.46011414077129,4.05411642928489,3.99680432432998,6.708740291622,7.94221573408114,6.5186558389211,4.32396943062663,6.22166042891562,7.91410001789005,5.80696346283411,5.64540571450912,6.87434425377378,5.6008004204888,4.83643510174122,1
